ISO-10303-21;
HEADER;
FILE_DESCRIPTION(('Open CASCADE Model'),'2;1');
FILE_NAME('Open CASCADE Shape Model','2026-08-02T02:47:37',('Author'),(
    'Open CASCADE'),'Open CASCADE STEP processor 7.8','Open CASCADE 7.8'
  ,'Unknown');
FILE_SCHEMA(('AUTOMOTIVE_DESIGN { 1 0 10303 214 1 1 1 1 }'));
ENDSEC;
DATA;
#1 = APPLICATION_PROTOCOL_DEFINITION('international standard',
  'automotive_design',2000,#2);
#2 = APPLICATION_CONTEXT(
  'core data for automotive mechanical design processes');
#3 = SHAPE_DEFINITION_REPRESENTATION(#4,#10);
#4 = PRODUCT_DEFINITION_SHAPE('','',#5);
#5 = PRODUCT_DEFINITION('design','',#6,#9);
#6 = PRODUCT_DEFINITION_FORMATION('','',#7);
#7 = PRODUCT('Open CASCADE STEP translator 7.8 1',
  'Open CASCADE STEP translator 7.8 1','',(#8));
#8 = PRODUCT_CONTEXT('',#2,'mechanical');
#9 = PRODUCT_DEFINITION_CONTEXT('part definition',#2,'design');
#10 = ADVANCED_BREP_SHAPE_REPRESENTATION('',(#11,#15),#2345);
#11 = AXIS2_PLACEMENT_3D('',#12,#13,#14);
#12 = CARTESIAN_POINT('',(0.,0.,0.));
#13 = DIRECTION('',(0.,0.,1.));
#14 = DIRECTION('',(1.,0.,-0.));
#15 = MANIFOLD_SOLID_BREP('',#16);
#16 = CLOSED_SHELL('',(#17,#137,#213,#542,#591,#1162,#1169,#1196,#1251,
    #1278,#1333,#1388,#1415,#1470,#1497,#1573,#1622,#1671,#1698,#1774,
    #1823,#1872,#1899,#1975,#2024,#2073,#2100,#2176,#2225,#2274,#2301,
    #2305,#2309,#2313,#2317,#2324,#2331,#2338));
#17 = ADVANCED_FACE('',(#18),#32,.F.);
#18 = FACE_BOUND('',#19,.F.);
#19 = EDGE_LOOP('',(#20,#55,#83,#111));
#20 = ORIENTED_EDGE('',*,*,#21,.F.);
#21 = EDGE_CURVE('',#22,#24,#26,.T.);
#22 = VERTEX_POINT('',#23);
#23 = CARTESIAN_POINT('',(-90.,-35.,0.));
#24 = VERTEX_POINT('',#25);
#25 = CARTESIAN_POINT('',(-90.,-35.,4.5));
#26 = SURFACE_CURVE('',#27,(#31,#43),.PCURVE_S1.);
#27 = LINE('',#28,#29);
#28 = CARTESIAN_POINT('',(-90.,-35.,0.));
#29 = VECTOR('',#30,1.);
#30 = DIRECTION('',(0.,0.,1.));
#31 = PCURVE('',#32,#37);
#32 = PLANE('',#33);
#33 = AXIS2_PLACEMENT_3D('',#34,#35,#36);
#34 = CARTESIAN_POINT('',(-90.,-35.,0.));
#35 = DIRECTION('',(1.,0.,0.));
#36 = DIRECTION('',(0.,0.,1.));
#37 = DEFINITIONAL_REPRESENTATION('',(#38),#42);
#38 = LINE('',#39,#40);
#39 = CARTESIAN_POINT('',(0.,0.));
#40 = VECTOR('',#41,1.);
#41 = DIRECTION('',(1.,0.));
#42 = ( GEOMETRIC_REPRESENTATION_CONTEXT(2) 
PARAMETRIC_REPRESENTATION_CONTEXT() REPRESENTATION_CONTEXT('2D SPACE',''
  ) );
#43 = PCURVE('',#44,#49);
#44 = PLANE('',#45);
#45 = AXIS2_PLACEMENT_3D('',#46,#47,#48);
#46 = CARTESIAN_POINT('',(-90.,-35.,0.));
#47 = DIRECTION('',(0.,1.,0.));
#48 = DIRECTION('',(0.,0.,1.));
#49 = DEFINITIONAL_REPRESENTATION('',(#50),#54);
#50 = LINE('',#51,#52);
#51 = CARTESIAN_POINT('',(0.,0.));
#52 = VECTOR('',#53,1.);
#53 = DIRECTION('',(1.,0.));
#54 = ( GEOMETRIC_REPRESENTATION_CONTEXT(2) 
PARAMETRIC_REPRESENTATION_CONTEXT() REPRESENTATION_CONTEXT('2D SPACE',''
  ) );
#55 = ORIENTED_EDGE('',*,*,#56,.T.);
#56 = EDGE_CURVE('',#22,#57,#59,.T.);
#57 = VERTEX_POINT('',#58);
#58 = CARTESIAN_POINT('',(-90.,35.,0.));
#59 = SURFACE_CURVE('',#60,(#64,#71),.PCURVE_S1.);
#60 = LINE('',#61,#62);
#61 = CARTESIAN_POINT('',(-90.,-35.,0.));
#62 = VECTOR('',#63,1.);
#63 = DIRECTION('',(0.,1.,0.));
#64 = PCURVE('',#32,#65);
#65 = DEFINITIONAL_REPRESENTATION('',(#66),#70);
#66 = LINE('',#67,#68);
#67 = CARTESIAN_POINT('',(0.,0.));
#68 = VECTOR('',#69,1.);
#69 = DIRECTION('',(0.,-1.));
#70 = ( GEOMETRIC_REPRESENTATION_CONTEXT(2) 
PARAMETRIC_REPRESENTATION_CONTEXT() REPRESENTATION_CONTEXT('2D SPACE',''
  ) );
#71 = PCURVE('',#72,#77);
#72 = PLANE('',#73);
#73 = AXIS2_PLACEMENT_3D('',#74,#75,#76);
#74 = CARTESIAN_POINT('',(-90.,-35.,0.));
#75 = DIRECTION('',(0.,0.,1.));
#76 = DIRECTION('',(1.,0.,0.));
#77 = DEFINITIONAL_REPRESENTATION('',(#78),#82);
#78 = LINE('',#79,#80);
#79 = CARTESIAN_POINT('',(0.,0.));
#80 = VECTOR('',#81,1.);
#81 = DIRECTION('',(0.,1.));
#82 = ( GEOMETRIC_REPRESENTATION_CONTEXT(2) 
PARAMETRIC_REPRESENTATION_CONTEXT() REPRESENTATION_CONTEXT('2D SPACE',''
  ) );
#83 = ORIENTED_EDGE('',*,*,#84,.T.);
#84 = EDGE_CURVE('',#57,#85,#87,.T.);
#85 = VERTEX_POINT('',#86);
#86 = CARTESIAN_POINT('',(-90.,35.,4.5));
#87 = SURFACE_CURVE('',#88,(#92,#99),.PCURVE_S1.);
#88 = LINE('',#89,#90);
#89 = CARTESIAN_POINT('',(-90.,35.,0.));
#90 = VECTOR('',#91,1.);
#91 = DIRECTION('',(0.,0.,1.));
#92 = PCURVE('',#32,#93);
#93 = DEFINITIONAL_REPRESENTATION('',(#94),#98);
#94 = LINE('',#95,#96);
#95 = CARTESIAN_POINT('',(0.,-70.));
#96 = VECTOR('',#97,1.);
#97 = DIRECTION('',(1.,0.));
#98 = ( GEOMETRIC_REPRESENTATION_CONTEXT(2) 
PARAMETRIC_REPRESENTATION_CONTEXT() REPRESENTATION_CONTEXT('2D SPACE',''
  ) );
#99 = PCURVE('',#100,#105);
#100 = PLANE('',#101);
#101 = AXIS2_PLACEMENT_3D('',#102,#103,#104);
#102 = CARTESIAN_POINT('',(-90.,35.,0.));
#103 = DIRECTION('',(0.,1.,0.));
#104 = DIRECTION('',(0.,0.,1.));
#105 = DEFINITIONAL_REPRESENTATION('',(#106),#110);
#106 = LINE('',#107,#108);
#107 = CARTESIAN_POINT('',(0.,0.));
#108 = VECTOR('',#109,1.);
#109 = DIRECTION('',(1.,0.));
#110 = ( GEOMETRIC_REPRESENTATION_CONTEXT(2) 
PARAMETRIC_REPRESENTATION_CONTEXT() REPRESENTATION_CONTEXT('2D SPACE',''
  ) );
#111 = ORIENTED_EDGE('',*,*,#112,.F.);
#112 = EDGE_CURVE('',#24,#85,#113,.T.);
#113 = SURFACE_CURVE('',#114,(#118,#125),.PCURVE_S1.);
#114 = LINE('',#115,#116);
#115 = CARTESIAN_POINT('',(-90.,-35.,4.5));
#116 = VECTOR('',#117,1.);
#117 = DIRECTION('',(0.,1.,0.));
#118 = PCURVE('',#32,#119);
#119 = DEFINITIONAL_REPRESENTATION('',(#120),#124);
#120 = LINE('',#121,#122);
#121 = CARTESIAN_POINT('',(4.5,0.));
#122 = VECTOR('',#123,1.);
#123 = DIRECTION('',(0.,-1.));
#124 = ( GEOMETRIC_REPRESENTATION_CONTEXT(2) 
PARAMETRIC_REPRESENTATION_CONTEXT() REPRESENTATION_CONTEXT('2D SPACE',''
  ) );
#125 = PCURVE('',#126,#131);
#126 = PLANE('',#127);
#127 = AXIS2_PLACEMENT_3D('',#128,#129,#130);
#128 = CARTESIAN_POINT('',(-90.,-35.,4.5));
#129 = DIRECTION('',(0.,0.,1.));
#130 = DIRECTION('',(1.,0.,0.));
#131 = DEFINITIONAL_REPRESENTATION('',(#132),#136);
#132 = LINE('',#133,#134);
#133 = CARTESIAN_POINT('',(0.,0.));
#134 = VECTOR('',#135,1.);
#135 = DIRECTION('',(0.,1.));
#136 = ( GEOMETRIC_REPRESENTATION_CONTEXT(2) 
PARAMETRIC_REPRESENTATION_CONTEXT() REPRESENTATION_CONTEXT('2D SPACE',''
  ) );
#137 = ADVANCED_FACE('',(#138),#44,.F.);
#138 = FACE_BOUND('',#139,.F.);
#139 = EDGE_LOOP('',(#140,#163,#164,#187));
#140 = ORIENTED_EDGE('',*,*,#141,.F.);
#141 = EDGE_CURVE('',#22,#142,#144,.T.);
#142 = VERTEX_POINT('',#143);
#143 = CARTESIAN_POINT('',(90.,-35.,0.));
#144 = SURFACE_CURVE('',#145,(#149,#156),.PCURVE_S1.);
#145 = LINE('',#146,#147);
#146 = CARTESIAN_POINT('',(-90.,-35.,0.));
#147 = VECTOR('',#148,1.);
#148 = DIRECTION('',(1.,0.,0.));
#149 = PCURVE('',#44,#150);
#150 = DEFINITIONAL_REPRESENTATION('',(#151),#155);
#151 = LINE('',#152,#153);
#152 = CARTESIAN_POINT('',(0.,0.));
#153 = VECTOR('',#154,1.);
#154 = DIRECTION('',(0.,1.));
#155 = ( GEOMETRIC_REPRESENTATION_CONTEXT(2) 
PARAMETRIC_REPRESENTATION_CONTEXT() REPRESENTATION_CONTEXT('2D SPACE',''
  ) );
#156 = PCURVE('',#72,#157);
#157 = DEFINITIONAL_REPRESENTATION('',(#158),#162);
#158 = LINE('',#159,#160);
#159 = CARTESIAN_POINT('',(0.,0.));
#160 = VECTOR('',#161,1.);
#161 = DIRECTION('',(1.,0.));
#162 = ( GEOMETRIC_REPRESENTATION_CONTEXT(2) 
PARAMETRIC_REPRESENTATION_CONTEXT() REPRESENTATION_CONTEXT('2D SPACE',''
  ) );
#163 = ORIENTED_EDGE('',*,*,#21,.T.);
#164 = ORIENTED_EDGE('',*,*,#165,.T.);
#165 = EDGE_CURVE('',#24,#166,#168,.T.);
#166 = VERTEX_POINT('',#167);
#167 = CARTESIAN_POINT('',(90.,-35.,4.5));
#168 = SURFACE_CURVE('',#169,(#173,#180),.PCURVE_S1.);
#169 = LINE('',#170,#171);
#170 = CARTESIAN_POINT('',(-90.,-35.,4.5));
#171 = VECTOR('',#172,1.);
#172 = DIRECTION('',(1.,0.,0.));
#173 = PCURVE('',#44,#174);
#174 = DEFINITIONAL_REPRESENTATION('',(#175),#179);
#175 = LINE('',#176,#177);
#176 = CARTESIAN_POINT('',(4.5,0.));
#177 = VECTOR('',#178,1.);
#178 = DIRECTION('',(0.,1.));
#179 = ( GEOMETRIC_REPRESENTATION_CONTEXT(2) 
PARAMETRIC_REPRESENTATION_CONTEXT() REPRESENTATION_CONTEXT('2D SPACE',''
  ) );
#180 = PCURVE('',#126,#181);
#181 = DEFINITIONAL_REPRESENTATION('',(#182),#186);
#182 = LINE('',#183,#184);
#183 = CARTESIAN_POINT('',(0.,0.));
#184 = VECTOR('',#185,1.);
#185 = DIRECTION('',(1.,0.));
#186 = ( GEOMETRIC_REPRESENTATION_CONTEXT(2) 
PARAMETRIC_REPRESENTATION_CONTEXT() REPRESENTATION_CONTEXT('2D SPACE',''
  ) );
#187 = ORIENTED_EDGE('',*,*,#188,.F.);
#188 = EDGE_CURVE('',#142,#166,#189,.T.);
#189 = SURFACE_CURVE('',#190,(#194,#201),.PCURVE_S1.);
#190 = LINE('',#191,#192);
#191 = CARTESIAN_POINT('',(90.,-35.,0.));
#192 = VECTOR('',#193,1.);
#193 = DIRECTION('',(0.,0.,1.));
#194 = PCURVE('',#44,#195);
#195 = DEFINITIONAL_REPRESENTATION('',(#196),#200);
#196 = LINE('',#197,#198);
#197 = CARTESIAN_POINT('',(0.,180.));
#198 = VECTOR('',#199,1.);
#199 = DIRECTION('',(1.,0.));
#200 = ( GEOMETRIC_REPRESENTATION_CONTEXT(2) 
PARAMETRIC_REPRESENTATION_CONTEXT() REPRESENTATION_CONTEXT('2D SPACE',''
  ) );
#201 = PCURVE('',#202,#207);
#202 = PLANE('',#203);
#203 = AXIS2_PLACEMENT_3D('',#204,#205,#206);
#204 = CARTESIAN_POINT('',(90.,-35.,0.));
#205 = DIRECTION('',(1.,0.,0.));
#206 = DIRECTION('',(0.,0.,1.));
#207 = DEFINITIONAL_REPRESENTATION('',(#208),#212);
#208 = LINE('',#209,#210);
#209 = CARTESIAN_POINT('',(0.,0.));
#210 = VECTOR('',#211,1.);
#211 = DIRECTION('',(1.,0.));
#212 = ( GEOMETRIC_REPRESENTATION_CONTEXT(2) 
PARAMETRIC_REPRESENTATION_CONTEXT() REPRESENTATION_CONTEXT('2D SPACE',''
  ) );
#213 = ADVANCED_FACE('',(#214,#262,#297,#332,#367,#402,#437,#472,#507),
  #126,.T.);
#214 = FACE_BOUND('',#215,.T.);
#215 = EDGE_LOOP('',(#216,#217,#218,#241));
#216 = ORIENTED_EDGE('',*,*,#112,.F.);
#217 = ORIENTED_EDGE('',*,*,#165,.T.);
#218 = ORIENTED_EDGE('',*,*,#219,.T.);
#219 = EDGE_CURVE('',#166,#220,#222,.T.);
#220 = VERTEX_POINT('',#221);
#221 = CARTESIAN_POINT('',(90.,35.,4.5));
#222 = SURFACE_CURVE('',#223,(#227,#234),.PCURVE_S1.);
#223 = LINE('',#224,#225);
#224 = CARTESIAN_POINT('',(90.,-35.,4.5));
#225 = VECTOR('',#226,1.);
#226 = DIRECTION('',(0.,1.,0.));
#227 = PCURVE('',#126,#228);
#228 = DEFINITIONAL_REPRESENTATION('',(#229),#233);
#229 = LINE('',#230,#231);
#230 = CARTESIAN_POINT('',(180.,0.));
#231 = VECTOR('',#232,1.);
#232 = DIRECTION('',(0.,1.));
#233 = ( GEOMETRIC_REPRESENTATION_CONTEXT(2) 
PARAMETRIC_REPRESENTATION_CONTEXT() REPRESENTATION_CONTEXT('2D SPACE',''
  ) );
#234 = PCURVE('',#202,#235);
#235 = DEFINITIONAL_REPRESENTATION('',(#236),#240);
#236 = LINE('',#237,#238);
#237 = CARTESIAN_POINT('',(4.5,0.));
#238 = VECTOR('',#239,1.);
#239 = DIRECTION('',(0.,-1.));
#240 = ( GEOMETRIC_REPRESENTATION_CONTEXT(2) 
PARAMETRIC_REPRESENTATION_CONTEXT() REPRESENTATION_CONTEXT('2D SPACE',''
  ) );
#241 = ORIENTED_EDGE('',*,*,#242,.F.);
#242 = EDGE_CURVE('',#85,#220,#243,.T.);
#243 = SURFACE_CURVE('',#244,(#248,#255),.PCURVE_S1.);
#244 = LINE('',#245,#246);
#245 = CARTESIAN_POINT('',(-90.,35.,4.5));
#246 = VECTOR('',#247,1.);
#247 = DIRECTION('',(1.,0.,0.));
#248 = PCURVE('',#126,#249);
#249 = DEFINITIONAL_REPRESENTATION('',(#250),#254);
#250 = LINE('',#251,#252);
#251 = CARTESIAN_POINT('',(0.,70.));
#252 = VECTOR('',#253,1.);
#253 = DIRECTION('',(1.,0.));
#254 = ( GEOMETRIC_REPRESENTATION_CONTEXT(2) 
PARAMETRIC_REPRESENTATION_CONTEXT() REPRESENTATION_CONTEXT('2D SPACE',''
  ) );
#255 = PCURVE('',#100,#256);
#256 = DEFINITIONAL_REPRESENTATION('',(#257),#261);
#257 = LINE('',#258,#259);
#258 = CARTESIAN_POINT('',(4.5,0.));
#259 = VECTOR('',#260,1.);
#260 = DIRECTION('',(0.,1.));
#261 = ( GEOMETRIC_REPRESENTATION_CONTEXT(2) 
PARAMETRIC_REPRESENTATION_CONTEXT() REPRESENTATION_CONTEXT('2D SPACE',''
  ) );
#262 = FACE_BOUND('',#263,.T.);
#263 = EDGE_LOOP('',(#264));
#264 = ORIENTED_EDGE('',*,*,#265,.T.);
#265 = EDGE_CURVE('',#266,#266,#268,.T.);
#266 = VERTEX_POINT('',#267);
#267 = CARTESIAN_POINT('',(-84.3,-31.,4.5));
#268 = SURFACE_CURVE('',#269,(#274,#285),.PCURVE_S1.);
#269 = CIRCLE('',#270,1.7);
#270 = AXIS2_PLACEMENT_3D('',#271,#272,#273);
#271 = CARTESIAN_POINT('',(-86.,-31.,4.5));
#272 = DIRECTION('',(0.,0.,-1.));
#273 = DIRECTION('',(1.,0.,0.));
#274 = PCURVE('',#126,#275);
#275 = DEFINITIONAL_REPRESENTATION('',(#276),#284);
#276 = ( BOUNDED_CURVE() B_SPLINE_CURVE(2,(#277,#278,#279,#280,#281,#282
,#283),.UNSPECIFIED.,.T.,.F.) B_SPLINE_CURVE_WITH_KNOTS((1,2,2,2,2,1),(
    -2.094395102393,0.,2.094395102393,4.188790204786,6.28318530718,
8.377580409573),.UNSPECIFIED.) CURVE() GEOMETRIC_REPRESENTATION_ITEM() 
RATIONAL_B_SPLINE_CURVE((1.,0.5,1.,0.5,1.,0.5,1.)) REPRESENTATION_ITEM(
  '') );
#277 = CARTESIAN_POINT('',(5.7,4.));
#278 = CARTESIAN_POINT('',(5.7,1.055513627133));
#279 = CARTESIAN_POINT('',(3.15,2.527756813566));
#280 = CARTESIAN_POINT('',(0.6,4.));
#281 = CARTESIAN_POINT('',(3.15,5.472243186434));
#282 = CARTESIAN_POINT('',(5.7,6.944486372867));
#283 = CARTESIAN_POINT('',(5.7,4.));
#284 = ( GEOMETRIC_REPRESENTATION_CONTEXT(2) 
PARAMETRIC_REPRESENTATION_CONTEXT() REPRESENTATION_CONTEXT('2D SPACE',''
  ) );
#285 = PCURVE('',#286,#291);
#286 = CYLINDRICAL_SURFACE('',#287,1.7);
#287 = AXIS2_PLACEMENT_3D('',#288,#289,#290);
#288 = CARTESIAN_POINT('',(-86.,-31.,-0.2));
#289 = DIRECTION('',(-0.,-0.,-1.));
#290 = DIRECTION('',(1.,0.,0.));
#291 = DEFINITIONAL_REPRESENTATION('',(#292),#296);
#292 = LINE('',#293,#294);
#293 = CARTESIAN_POINT('',(-6.28318530718,-4.7));
#294 = VECTOR('',#295,1.);
#295 = DIRECTION('',(1.,-0.));
#296 = ( GEOMETRIC_REPRESENTATION_CONTEXT(2) 
PARAMETRIC_REPRESENTATION_CONTEXT() REPRESENTATION_CONTEXT('2D SPACE',''
  ) );
#297 = FACE_BOUND('',#298,.T.);
#298 = EDGE_LOOP('',(#299));
#299 = ORIENTED_EDGE('',*,*,#300,.T.);
#300 = EDGE_CURVE('',#301,#301,#303,.T.);
#301 = VERTEX_POINT('',#302);
#302 = CARTESIAN_POINT('',(-42.75,-18.,4.5));
#303 = SURFACE_CURVE('',#304,(#309,#320),.PCURVE_S1.);
#304 = CIRCLE('',#305,12.25);
#305 = AXIS2_PLACEMENT_3D('',#306,#307,#308);
#306 = CARTESIAN_POINT('',(-55.,-18.,4.5));
#307 = DIRECTION('',(0.,0.,-1.));
#308 = DIRECTION('',(1.,0.,0.));
#309 = PCURVE('',#126,#310);
#310 = DEFINITIONAL_REPRESENTATION('',(#311),#319);
#311 = ( BOUNDED_CURVE() B_SPLINE_CURVE(2,(#312,#313,#314,#315,#316,#317
,#318),.UNSPECIFIED.,.T.,.F.) B_SPLINE_CURVE_WITH_KNOTS((1,2,2,2,2,1),(
    -2.094395102393,0.,2.094395102393,4.188790204786,6.28318530718,
8.377580409573),.UNSPECIFIED.) CURVE() GEOMETRIC_REPRESENTATION_ITEM() 
RATIONAL_B_SPLINE_CURVE((1.,0.5,1.,0.5,1.,0.5,1.)) REPRESENTATION_ITEM(
  '') );
#312 = CARTESIAN_POINT('',(47.25,17.));
#313 = CARTESIAN_POINT('',(47.25,-4.217622392719));
#314 = CARTESIAN_POINT('',(28.875,6.391188803641));
#315 = CARTESIAN_POINT('',(10.5,17.));
#316 = CARTESIAN_POINT('',(28.875,27.608811196359));
#317 = CARTESIAN_POINT('',(47.25,38.217622392719));
#318 = CARTESIAN_POINT('',(47.25,17.));
#319 = ( GEOMETRIC_REPRESENTATION_CONTEXT(2) 
PARAMETRIC_REPRESENTATION_CONTEXT() REPRESENTATION_CONTEXT('2D SPACE',''
  ) );
#320 = PCURVE('',#321,#326);
#321 = CYLINDRICAL_SURFACE('',#322,12.25);
#322 = AXIS2_PLACEMENT_3D('',#323,#324,#325);
#323 = CARTESIAN_POINT('',(-55.,-18.,2.3));
#324 = DIRECTION('',(-0.,-0.,-1.));
#325 = DIRECTION('',(1.,0.,0.));
#326 = DEFINITIONAL_REPRESENTATION('',(#327),#331);
#327 = LINE('',#328,#329);
#328 = CARTESIAN_POINT('',(-6.28318530718,-2.2));
#329 = VECTOR('',#330,1.);
#330 = DIRECTION('',(1.,-0.));
#331 = ( GEOMETRIC_REPRESENTATION_CONTEXT(2) 
PARAMETRIC_REPRESENTATION_CONTEXT() REPRESENTATION_CONTEXT('2D SPACE',''
  ) );
#332 = FACE_BOUND('',#333,.T.);
#333 = EDGE_LOOP('',(#334));
#334 = ORIENTED_EDGE('',*,*,#335,.T.);
#335 = EDGE_CURVE('',#336,#336,#338,.T.);
#336 = VERTEX_POINT('',#337);
#337 = CARTESIAN_POINT('',(87.7,-31.,4.5));
#338 = SURFACE_CURVE('',#339,(#344,#355),.PCURVE_S1.);
#339 = CIRCLE('',#340,1.7);
#340 = AXIS2_PLACEMENT_3D('',#341,#342,#343);
#341 = CARTESIAN_POINT('',(86.,-31.,4.5));
#342 = DIRECTION('',(0.,0.,-1.));
#343 = DIRECTION('',(1.,0.,0.));
#344 = PCURVE('',#126,#345);
#345 = DEFINITIONAL_REPRESENTATION('',(#346),#354);
#346 = ( BOUNDED_CURVE() B_SPLINE_CURVE(2,(#347,#348,#349,#350,#351,#352
,#353),.UNSPECIFIED.,.T.,.F.) B_SPLINE_CURVE_WITH_KNOTS((1,2,2,2,2,1),(
    -2.094395102393,0.,2.094395102393,4.188790204786,6.28318530718,
8.377580409573),.UNSPECIFIED.) CURVE() GEOMETRIC_REPRESENTATION_ITEM() 
RATIONAL_B_SPLINE_CURVE((1.,0.5,1.,0.5,1.,0.5,1.)) REPRESENTATION_ITEM(
  '') );
#347 = CARTESIAN_POINT('',(177.7,4.));
#348 = CARTESIAN_POINT('',(177.7,1.055513627133));
#349 = CARTESIAN_POINT('',(175.15,2.527756813566));
#350 = CARTESIAN_POINT('',(172.6,4.));
#351 = CARTESIAN_POINT('',(175.15,5.472243186434));
#352 = CARTESIAN_POINT('',(177.7,6.944486372867));
#353 = CARTESIAN_POINT('',(177.7,4.));
#354 = ( GEOMETRIC_REPRESENTATION_CONTEXT(2) 
PARAMETRIC_REPRESENTATION_CONTEXT() REPRESENTATION_CONTEXT('2D SPACE',''
  ) );
#355 = PCURVE('',#356,#361);
#356 = CYLINDRICAL_SURFACE('',#357,1.7);
#357 = AXIS2_PLACEMENT_3D('',#358,#359,#360);
#358 = CARTESIAN_POINT('',(86.,-31.,-0.2));
#359 = DIRECTION('',(-0.,-0.,-1.));
#360 = DIRECTION('',(1.,0.,0.));
#361 = DEFINITIONAL_REPRESENTATION('',(#362),#366);
#362 = LINE('',#363,#364);
#363 = CARTESIAN_POINT('',(-6.28318530718,-4.7));
#364 = VECTOR('',#365,1.);
#365 = DIRECTION('',(1.,-0.));
#366 = ( GEOMETRIC_REPRESENTATION_CONTEXT(2) 
PARAMETRIC_REPRESENTATION_CONTEXT() REPRESENTATION_CONTEXT('2D SPACE',''
  ) );
#367 = FACE_BOUND('',#368,.T.);
#368 = EDGE_LOOP('',(#369));
#369 = ORIENTED_EDGE('',*,*,#370,.T.);
#370 = EDGE_CURVE('',#371,#371,#373,.T.);
#371 = VERTEX_POINT('',#372);
#372 = CARTESIAN_POINT('',(67.25,-18.,4.5));
#373 = SURFACE_CURVE('',#374,(#379,#390),.PCURVE_S1.);
#374 = CIRCLE('',#375,12.25);
#375 = AXIS2_PLACEMENT_3D('',#376,#377,#378);
#376 = CARTESIAN_POINT('',(55.,-18.,4.5));
#377 = DIRECTION('',(0.,0.,-1.));
#378 = DIRECTION('',(1.,0.,0.));
#379 = PCURVE('',#126,#380);
#380 = DEFINITIONAL_REPRESENTATION('',(#381),#389);
#381 = ( BOUNDED_CURVE() B_SPLINE_CURVE(2,(#382,#383,#384,#385,#386,#387
,#388),.UNSPECIFIED.,.T.,.F.) B_SPLINE_CURVE_WITH_KNOTS((1,2,2,2,2,1),(
    -2.094395102393,0.,2.094395102393,4.188790204786,6.28318530718,
8.377580409573),.UNSPECIFIED.) CURVE() GEOMETRIC_REPRESENTATION_ITEM() 
RATIONAL_B_SPLINE_CURVE((1.,0.5,1.,0.5,1.,0.5,1.)) REPRESENTATION_ITEM(
  '') );
#382 = CARTESIAN_POINT('',(157.25,17.));
#383 = CARTESIAN_POINT('',(157.25,-4.217622392719));
#384 = CARTESIAN_POINT('',(138.875,6.391188803641));
#385 = CARTESIAN_POINT('',(120.5,17.));
#386 = CARTESIAN_POINT('',(138.875,27.608811196359));
#387 = CARTESIAN_POINT('',(157.25,38.217622392719));
#388 = CARTESIAN_POINT('',(157.25,17.));
#389 = ( GEOMETRIC_REPRESENTATION_CONTEXT(2) 
PARAMETRIC_REPRESENTATION_CONTEXT() REPRESENTATION_CONTEXT('2D SPACE',''
  ) );
#390 = PCURVE('',#391,#396);
#391 = CYLINDRICAL_SURFACE('',#392,12.25);
#392 = AXIS2_PLACEMENT_3D('',#393,#394,#395);
#393 = CARTESIAN_POINT('',(55.,-18.,2.3));
#394 = DIRECTION('',(-0.,-0.,-1.));
#395 = DIRECTION('',(1.,0.,0.));
#396 = DEFINITIONAL_REPRESENTATION('',(#397),#401);
#397 = LINE('',#398,#399);
#398 = CARTESIAN_POINT('',(-6.28318530718,-2.2));
#399 = VECTOR('',#400,1.);
#400 = DIRECTION('',(1.,-0.));
#401 = ( GEOMETRIC_REPRESENTATION_CONTEXT(2) 
PARAMETRIC_REPRESENTATION_CONTEXT() REPRESENTATION_CONTEXT('2D SPACE',''
  ) );
#402 = FACE_BOUND('',#403,.T.);
#403 = EDGE_LOOP('',(#404));
#404 = ORIENTED_EDGE('',*,*,#405,.T.);
#405 = EDGE_CURVE('',#406,#406,#408,.T.);
#406 = VERTEX_POINT('',#407);
#407 = CARTESIAN_POINT('',(-42.75,18.,4.5));
#408 = SURFACE_CURVE('',#409,(#414,#425),.PCURVE_S1.);
#409 = CIRCLE('',#410,12.25);
#410 = AXIS2_PLACEMENT_3D('',#411,#412,#413);
#411 = CARTESIAN_POINT('',(-55.,18.,4.5));
#412 = DIRECTION('',(0.,0.,-1.));
#413 = DIRECTION('',(1.,0.,0.));
#414 = PCURVE('',#126,#415);
#415 = DEFINITIONAL_REPRESENTATION('',(#416),#424);
#416 = ( BOUNDED_CURVE() B_SPLINE_CURVE(2,(#417,#418,#419,#420,#421,#422
,#423),.UNSPECIFIED.,.T.,.F.) B_SPLINE_CURVE_WITH_KNOTS((1,2,2,2,2,1),(
    -2.094395102393,0.,2.094395102393,4.188790204786,6.28318530718,
8.377580409573),.UNSPECIFIED.) CURVE() GEOMETRIC_REPRESENTATION_ITEM() 
RATIONAL_B_SPLINE_CURVE((1.,0.5,1.,0.5,1.,0.5,1.)) REPRESENTATION_ITEM(
  '') );
#417 = CARTESIAN_POINT('',(47.25,53.));
#418 = CARTESIAN_POINT('',(47.25,31.782377607281));
#419 = CARTESIAN_POINT('',(28.875,42.391188803641));
#420 = CARTESIAN_POINT('',(10.5,53.));
#421 = CARTESIAN_POINT('',(28.875,63.608811196359));
#422 = CARTESIAN_POINT('',(47.25,74.217622392719));
#423 = CARTESIAN_POINT('',(47.25,53.));
#424 = ( GEOMETRIC_REPRESENTATION_CONTEXT(2) 
PARAMETRIC_REPRESENTATION_CONTEXT() REPRESENTATION_CONTEXT('2D SPACE',''
  ) );
#425 = PCURVE('',#426,#431);
#426 = CYLINDRICAL_SURFACE('',#427,12.25);
#427 = AXIS2_PLACEMENT_3D('',#428,#429,#430);
#428 = CARTESIAN_POINT('',(-55.,18.,2.3));
#429 = DIRECTION('',(-0.,-0.,-1.));
#430 = DIRECTION('',(1.,0.,0.));
#431 = DEFINITIONAL_REPRESENTATION('',(#432),#436);
#432 = LINE('',#433,#434);
#433 = CARTESIAN_POINT('',(-6.28318530718,-2.2));
#434 = VECTOR('',#435,1.);
#435 = DIRECTION('',(1.,-0.));
#436 = ( GEOMETRIC_REPRESENTATION_CONTEXT(2) 
PARAMETRIC_REPRESENTATION_CONTEXT() REPRESENTATION_CONTEXT('2D SPACE',''
  ) );
#437 = FACE_BOUND('',#438,.T.);
#438 = EDGE_LOOP('',(#439));
#439 = ORIENTED_EDGE('',*,*,#440,.T.);
#440 = EDGE_CURVE('',#441,#441,#443,.T.);
#441 = VERTEX_POINT('',#442);
#442 = CARTESIAN_POINT('',(-84.3,31.,4.5));
#443 = SURFACE_CURVE('',#444,(#449,#460),.PCURVE_S1.);
#444 = CIRCLE('',#445,1.7);
#445 = AXIS2_PLACEMENT_3D('',#446,#447,#448);
#446 = CARTESIAN_POINT('',(-86.,31.,4.5));
#447 = DIRECTION('',(0.,0.,-1.));
#448 = DIRECTION('',(1.,0.,0.));
#449 = PCURVE('',#126,#450);
#450 = DEFINITIONAL_REPRESENTATION('',(#451),#459);
#451 = ( BOUNDED_CURVE() B_SPLINE_CURVE(2,(#452,#453,#454,#455,#456,#457
,#458),.UNSPECIFIED.,.T.,.F.) B_SPLINE_CURVE_WITH_KNOTS((1,2,2,2,2,1),(
    -2.094395102393,0.,2.094395102393,4.188790204786,6.28318530718,
8.377580409573),.UNSPECIFIED.) CURVE() GEOMETRIC_REPRESENTATION_ITEM() 
RATIONAL_B_SPLINE_CURVE((1.,0.5,1.,0.5,1.,0.5,1.)) REPRESENTATION_ITEM(
  '') );
#452 = CARTESIAN_POINT('',(5.7,66.));
#453 = CARTESIAN_POINT('',(5.7,63.055513627133));
#454 = CARTESIAN_POINT('',(3.15,64.527756813566));
#455 = CARTESIAN_POINT('',(0.6,66.));
#456 = CARTESIAN_POINT('',(3.15,67.472243186434));
#457 = CARTESIAN_POINT('',(5.7,68.944486372867));
#458 = CARTESIAN_POINT('',(5.7,66.));
#459 = ( GEOMETRIC_REPRESENTATION_CONTEXT(2) 
PARAMETRIC_REPRESENTATION_CONTEXT() REPRESENTATION_CONTEXT('2D SPACE',''
  ) );
#460 = PCURVE('',#461,#466);
#461 = CYLINDRICAL_SURFACE('',#462,1.7);
#462 = AXIS2_PLACEMENT_3D('',#463,#464,#465);
#463 = CARTESIAN_POINT('',(-86.,31.,-0.2));
#464 = DIRECTION('',(-0.,-0.,-1.));
#465 = DIRECTION('',(1.,0.,0.));
#466 = DEFINITIONAL_REPRESENTATION('',(#467),#471);
#467 = LINE('',#468,#469);
#468 = CARTESIAN_POINT('',(-6.28318530718,-4.7));
#469 = VECTOR('',#470,1.);
#470 = DIRECTION('',(1.,-0.));
#471 = ( GEOMETRIC_REPRESENTATION_CONTEXT(2) 
PARAMETRIC_REPRESENTATION_CONTEXT() REPRESENTATION_CONTEXT('2D SPACE',''
  ) );
#472 = FACE_BOUND('',#473,.T.);
#473 = EDGE_LOOP('',(#474));
#474 = ORIENTED_EDGE('',*,*,#475,.T.);
#475 = EDGE_CURVE('',#476,#476,#478,.T.);
#476 = VERTEX_POINT('',#477);
#477 = CARTESIAN_POINT('',(67.25,18.,4.5));
#478 = SURFACE_CURVE('',#479,(#484,#495),.PCURVE_S1.);
#479 = CIRCLE('',#480,12.25);
#480 = AXIS2_PLACEMENT_3D('',#481,#482,#483);
#481 = CARTESIAN_POINT('',(55.,18.,4.5));
#482 = DIRECTION('',(0.,0.,-1.));
#483 = DIRECTION('',(1.,0.,0.));
#484 = PCURVE('',#126,#485);
#485 = DEFINITIONAL_REPRESENTATION('',(#486),#494);
#486 = ( BOUNDED_CURVE() B_SPLINE_CURVE(2,(#487,#488,#489,#490,#491,#492
,#493),.UNSPECIFIED.,.T.,.F.) B_SPLINE_CURVE_WITH_KNOTS((1,2,2,2,2,1),(
    -2.094395102393,0.,2.094395102393,4.188790204786,6.28318530718,
8.377580409573),.UNSPECIFIED.) CURVE() GEOMETRIC_REPRESENTATION_ITEM() 
RATIONAL_B_SPLINE_CURVE((1.,0.5,1.,0.5,1.,0.5,1.)) REPRESENTATION_ITEM(
  '') );
#487 = CARTESIAN_POINT('',(157.25,53.));
#488 = CARTESIAN_POINT('',(157.25,31.782377607281));
#489 = CARTESIAN_POINT('',(138.875,42.391188803641));
#490 = CARTESIAN_POINT('',(120.5,53.));
#491 = CARTESIAN_POINT('',(138.875,63.608811196359));
#492 = CARTESIAN_POINT('',(157.25,74.217622392719));
#493 = CARTESIAN_POINT('',(157.25,53.));
#494 = ( GEOMETRIC_REPRESENTATION_CONTEXT(2) 
PARAMETRIC_REPRESENTATION_CONTEXT() REPRESENTATION_CONTEXT('2D SPACE',''
  ) );
#495 = PCURVE('',#496,#501);
#496 = CYLINDRICAL_SURFACE('',#497,12.25);
#497 = AXIS2_PLACEMENT_3D('',#498,#499,#500);
#498 = CARTESIAN_POINT('',(55.,18.,2.3));
#499 = DIRECTION('',(-0.,-0.,-1.));
#500 = DIRECTION('',(1.,0.,0.));
#501 = DEFINITIONAL_REPRESENTATION('',(#502),#506);
#502 = LINE('',#503,#504);
#503 = CARTESIAN_POINT('',(-6.28318530718,-2.2));
#504 = VECTOR('',#505,1.);
#505 = DIRECTION('',(1.,-0.));
#506 = ( GEOMETRIC_REPRESENTATION_CONTEXT(2) 
PARAMETRIC_REPRESENTATION_CONTEXT() REPRESENTATION_CONTEXT('2D SPACE',''
  ) );
#507 = FACE_BOUND('',#508,.T.);
#508 = EDGE_LOOP('',(#509));
#509 = ORIENTED_EDGE('',*,*,#510,.T.);
#510 = EDGE_CURVE('',#511,#511,#513,.T.);
#511 = VERTEX_POINT('',#512);
#512 = CARTESIAN_POINT('',(87.7,31.,4.5));
#513 = SURFACE_CURVE('',#514,(#519,#530),.PCURVE_S1.);
#514 = CIRCLE('',#515,1.7);
#515 = AXIS2_PLACEMENT_3D('',#516,#517,#518);
#516 = CARTESIAN_POINT('',(86.,31.,4.5));
#517 = DIRECTION('',(0.,0.,-1.));
#518 = DIRECTION('',(1.,0.,0.));
#519 = PCURVE('',#126,#520);
#520 = DEFINITIONAL_REPRESENTATION('',(#521),#529);
#521 = ( BOUNDED_CURVE() B_SPLINE_CURVE(2,(#522,#523,#524,#525,#526,#527
,#528),.UNSPECIFIED.,.T.,.F.) B_SPLINE_CURVE_WITH_KNOTS((1,2,2,2,2,1),(
    -2.094395102393,0.,2.094395102393,4.188790204786,6.28318530718,
8.377580409573),.UNSPECIFIED.) CURVE() GEOMETRIC_REPRESENTATION_ITEM() 
RATIONAL_B_SPLINE_CURVE((1.,0.5,1.,0.5,1.,0.5,1.)) REPRESENTATION_ITEM(
  '') );
#522 = CARTESIAN_POINT('',(177.7,66.));
#523 = CARTESIAN_POINT('',(177.7,63.055513627133));
#524 = CARTESIAN_POINT('',(175.15,64.527756813566));
#525 = CARTESIAN_POINT('',(172.6,66.));
#526 = CARTESIAN_POINT('',(175.15,67.472243186434));
#527 = CARTESIAN_POINT('',(177.7,68.944486372867));
#528 = CARTESIAN_POINT('',(177.7,66.));
#529 = ( GEOMETRIC_REPRESENTATION_CONTEXT(2) 
PARAMETRIC_REPRESENTATION_CONTEXT() REPRESENTATION_CONTEXT('2D SPACE',''
  ) );
#530 = PCURVE('',#531,#536);
#531 = CYLINDRICAL_SURFACE('',#532,1.7);
#532 = AXIS2_PLACEMENT_3D('',#533,#534,#535);
#533 = CARTESIAN_POINT('',(86.,31.,-0.2));
#534 = DIRECTION('',(-0.,-0.,-1.));
#535 = DIRECTION('',(1.,0.,0.));
#536 = DEFINITIONAL_REPRESENTATION('',(#537),#541);
#537 = LINE('',#538,#539);
#538 = CARTESIAN_POINT('',(-6.28318530718,-4.7));
#539 = VECTOR('',#540,1.);
#540 = DIRECTION('',(1.,-0.));
#541 = ( GEOMETRIC_REPRESENTATION_CONTEXT(2) 
PARAMETRIC_REPRESENTATION_CONTEXT() REPRESENTATION_CONTEXT('2D SPACE',''
  ) );
#542 = ADVANCED_FACE('',(#543),#100,.T.);
#543 = FACE_BOUND('',#544,.T.);
#544 = EDGE_LOOP('',(#545,#568,#569,#570));
#545 = ORIENTED_EDGE('',*,*,#546,.F.);
#546 = EDGE_CURVE('',#57,#547,#549,.T.);
#547 = VERTEX_POINT('',#548);
#548 = CARTESIAN_POINT('',(90.,35.,0.));
#549 = SURFACE_CURVE('',#550,(#554,#561),.PCURVE_S1.);
#550 = LINE('',#551,#552);
#551 = CARTESIAN_POINT('',(-90.,35.,0.));
#552 = VECTOR('',#553,1.);
#553 = DIRECTION('',(1.,0.,0.));
#554 = PCURVE('',#100,#555);
#555 = DEFINITIONAL_REPRESENTATION('',(#556),#560);
#556 = LINE('',#557,#558);
#557 = CARTESIAN_POINT('',(0.,0.));
#558 = VECTOR('',#559,1.);
#559 = DIRECTION('',(0.,1.));
#560 = ( GEOMETRIC_REPRESENTATION_CONTEXT(2) 
PARAMETRIC_REPRESENTATION_CONTEXT() REPRESENTATION_CONTEXT('2D SPACE',''
  ) );
#561 = PCURVE('',#72,#562);
#562 = DEFINITIONAL_REPRESENTATION('',(#563),#567);
#563 = LINE('',#564,#565);
#564 = CARTESIAN_POINT('',(0.,70.));
#565 = VECTOR('',#566,1.);
#566 = DIRECTION('',(1.,0.));
#567 = ( GEOMETRIC_REPRESENTATION_CONTEXT(2) 
PARAMETRIC_REPRESENTATION_CONTEXT() REPRESENTATION_CONTEXT('2D SPACE',''
  ) );
#568 = ORIENTED_EDGE('',*,*,#84,.T.);
#569 = ORIENTED_EDGE('',*,*,#242,.T.);
#570 = ORIENTED_EDGE('',*,*,#571,.F.);
#571 = EDGE_CURVE('',#547,#220,#572,.T.);
#572 = SURFACE_CURVE('',#573,(#577,#584),.PCURVE_S1.);
#573 = LINE('',#574,#575);
#574 = CARTESIAN_POINT('',(90.,35.,0.));
#575 = VECTOR('',#576,1.);
#576 = DIRECTION('',(0.,0.,1.));
#577 = PCURVE('',#100,#578);
#578 = DEFINITIONAL_REPRESENTATION('',(#579),#583);
#579 = LINE('',#580,#581);
#580 = CARTESIAN_POINT('',(0.,180.));
#581 = VECTOR('',#582,1.);
#582 = DIRECTION('',(1.,0.));
#583 = ( GEOMETRIC_REPRESENTATION_CONTEXT(2) 
PARAMETRIC_REPRESENTATION_CONTEXT() REPRESENTATION_CONTEXT('2D SPACE',''
  ) );
#584 = PCURVE('',#202,#585);
#585 = DEFINITIONAL_REPRESENTATION('',(#586),#590);
#586 = LINE('',#587,#588);
#587 = CARTESIAN_POINT('',(0.,-70.));
#588 = VECTOR('',#589,1.);
#589 = DIRECTION('',(1.,0.));
#590 = ( GEOMETRIC_REPRESENTATION_CONTEXT(2) 
PARAMETRIC_REPRESENTATION_CONTEXT() REPRESENTATION_CONTEXT('2D SPACE',''
  ) );
#591 = ADVANCED_FACE('',(#592,#618,#648,#754,#784,#890,#996,#1026,#1132)
  ,#72,.F.);
#592 = FACE_BOUND('',#593,.F.);
#593 = EDGE_LOOP('',(#594,#595,#596,#617));
#594 = ORIENTED_EDGE('',*,*,#56,.F.);
#595 = ORIENTED_EDGE('',*,*,#141,.T.);
#596 = ORIENTED_EDGE('',*,*,#597,.T.);
#597 = EDGE_CURVE('',#142,#547,#598,.T.);
#598 = SURFACE_CURVE('',#599,(#603,#610),.PCURVE_S1.);
#599 = LINE('',#600,#601);
#600 = CARTESIAN_POINT('',(90.,-35.,0.));
#601 = VECTOR('',#602,1.);
#602 = DIRECTION('',(0.,1.,0.));
#603 = PCURVE('',#72,#604);
#604 = DEFINITIONAL_REPRESENTATION('',(#605),#609);
#605 = LINE('',#606,#607);
#606 = CARTESIAN_POINT('',(180.,0.));
#607 = VECTOR('',#608,1.);
#608 = DIRECTION('',(0.,1.));
#609 = ( GEOMETRIC_REPRESENTATION_CONTEXT(2) 
PARAMETRIC_REPRESENTATION_CONTEXT() REPRESENTATION_CONTEXT('2D SPACE',''
  ) );
#610 = PCURVE('',#202,#611);
#611 = DEFINITIONAL_REPRESENTATION('',(#612),#616);
#612 = LINE('',#613,#614);
#613 = CARTESIAN_POINT('',(0.,0.));
#614 = VECTOR('',#615,1.);
#615 = DIRECTION('',(0.,-1.));
#616 = ( GEOMETRIC_REPRESENTATION_CONTEXT(2) 
PARAMETRIC_REPRESENTATION_CONTEXT() REPRESENTATION_CONTEXT('2D SPACE',''
  ) );
#617 = ORIENTED_EDGE('',*,*,#546,.F.);
#618 = FACE_BOUND('',#619,.F.);
#619 = EDGE_LOOP('',(#620));
#620 = ORIENTED_EDGE('',*,*,#621,.T.);
#621 = EDGE_CURVE('',#622,#622,#624,.T.);
#622 = VERTEX_POINT('',#623);
#623 = CARTESIAN_POINT('',(-84.3,-31.,0.));
#624 = SURFACE_CURVE('',#625,(#630,#641),.PCURVE_S1.);
#625 = CIRCLE('',#626,1.7);
#626 = AXIS2_PLACEMENT_3D('',#627,#628,#629);
#627 = CARTESIAN_POINT('',(-86.,-31.,0.));
#628 = DIRECTION('',(0.,0.,-1.));
#629 = DIRECTION('',(1.,0.,0.));
#630 = PCURVE('',#72,#631);
#631 = DEFINITIONAL_REPRESENTATION('',(#632),#640);
#632 = ( BOUNDED_CURVE() B_SPLINE_CURVE(2,(#633,#634,#635,#636,#637,#638
,#639),.UNSPECIFIED.,.T.,.F.) B_SPLINE_CURVE_WITH_KNOTS((1,2,2,2,2,1),(
    -2.094395102393,0.,2.094395102393,4.188790204786,6.28318530718,
8.377580409573),.UNSPECIFIED.) CURVE() GEOMETRIC_REPRESENTATION_ITEM() 
RATIONAL_B_SPLINE_CURVE((1.,0.5,1.,0.5,1.,0.5,1.)) REPRESENTATION_ITEM(
  '') );
#633 = CARTESIAN_POINT('',(5.7,4.));
#634 = CARTESIAN_POINT('',(5.7,1.055513627133));
#635 = CARTESIAN_POINT('',(3.15,2.527756813566));
#636 = CARTESIAN_POINT('',(0.6,4.));
#637 = CARTESIAN_POINT('',(3.15,5.472243186434));
#638 = CARTESIAN_POINT('',(5.7,6.944486372867));
#639 = CARTESIAN_POINT('',(5.7,4.));
#640 = ( GEOMETRIC_REPRESENTATION_CONTEXT(2) 
PARAMETRIC_REPRESENTATION_CONTEXT() REPRESENTATION_CONTEXT('2D SPACE',''
  ) );
#641 = PCURVE('',#286,#642);
#642 = DEFINITIONAL_REPRESENTATION('',(#643),#647);
#643 = LINE('',#644,#645);
#644 = CARTESIAN_POINT('',(-6.28318530718,-0.2));
#645 = VECTOR('',#646,1.);
#646 = DIRECTION('',(1.,-0.));
#647 = ( GEOMETRIC_REPRESENTATION_CONTEXT(2) 
PARAMETRIC_REPRESENTATION_CONTEXT() REPRESENTATION_CONTEXT('2D SPACE',''
  ) );
#648 = FACE_BOUND('',#649,.F.);
#649 = EDGE_LOOP('',(#650,#678,#704,#730));
#650 = ORIENTED_EDGE('',*,*,#651,.T.);
#651 = EDGE_CURVE('',#652,#654,#656,.T.);
#652 = VERTEX_POINT('',#653);
#653 = CARTESIAN_POINT('',(-53.,-31.,0.));
#654 = VERTEX_POINT('',#655);
#655 = CARTESIAN_POINT('',(-81.,-31.,0.));
#656 = SURFACE_CURVE('',#657,(#661,#667),.PCURVE_S1.);
#657 = LINE('',#658,#659);
#658 = CARTESIAN_POINT('',(-85.5,-31.,0.));
#659 = VECTOR('',#660,1.);
#660 = DIRECTION('',(-1.,0.,0.));
#661 = PCURVE('',#72,#662);
#662 = DEFINITIONAL_REPRESENTATION('',(#663),#666);
#663 = B_SPLINE_CURVE_WITH_KNOTS('',1,(#664,#665),.UNSPECIFIED.,.F.,.F.,
  (2,2),(-32.5,-4.5),.PIECEWISE_BEZIER_KNOTS.);
#664 = CARTESIAN_POINT('',(37.,4.));
#665 = CARTESIAN_POINT('',(9.,4.));
#666 = ( GEOMETRIC_REPRESENTATION_CONTEXT(2) 
PARAMETRIC_REPRESENTATION_CONTEXT() REPRESENTATION_CONTEXT('2D SPACE',''
  ) );
#667 = PCURVE('',#668,#673);
#668 = PLANE('',#669);
#669 = AXIS2_PLACEMENT_3D('',#670,#671,#672);
#670 = CARTESIAN_POINT('',(-81.,-31.,-0.1));
#671 = DIRECTION('',(0.,1.,0.));
#672 = DIRECTION('',(0.,0.,1.));
#673 = DEFINITIONAL_REPRESENTATION('',(#674),#677);
#674 = B_SPLINE_CURVE_WITH_KNOTS('',1,(#675,#676),.UNSPECIFIED.,.F.,.F.,
  (2,2),(-32.5,-4.5),.PIECEWISE_BEZIER_KNOTS.);
#675 = CARTESIAN_POINT('',(0.1,28.));
#676 = CARTESIAN_POINT('',(0.1,0.));
#677 = ( GEOMETRIC_REPRESENTATION_CONTEXT(2) 
PARAMETRIC_REPRESENTATION_CONTEXT() REPRESENTATION_CONTEXT('2D SPACE',''
  ) );
#678 = ORIENTED_EDGE('',*,*,#679,.T.);
#679 = EDGE_CURVE('',#654,#680,#682,.T.);
#680 = VERTEX_POINT('',#681);
#681 = CARTESIAN_POINT('',(-81.,-19.,0.));
#682 = SURFACE_CURVE('',#683,(#687,#693),.PCURVE_S1.);
#683 = LINE('',#684,#685);
#684 = CARTESIAN_POINT('',(-81.,-33.,0.));
#685 = VECTOR('',#686,1.);
#686 = DIRECTION('',(0.,1.,0.));
#687 = PCURVE('',#72,#688);
#688 = DEFINITIONAL_REPRESENTATION('',(#689),#692);
#689 = B_SPLINE_CURVE_WITH_KNOTS('',1,(#690,#691),.UNSPECIFIED.,.F.,.F.,
  (2,2),(2.,14.),.PIECEWISE_BEZIER_KNOTS.);
#690 = CARTESIAN_POINT('',(9.,4.));
#691 = CARTESIAN_POINT('',(9.,16.));
#692 = ( GEOMETRIC_REPRESENTATION_CONTEXT(2) 
PARAMETRIC_REPRESENTATION_CONTEXT() REPRESENTATION_CONTEXT('2D SPACE',''
  ) );
#693 = PCURVE('',#694,#699);
#694 = PLANE('',#695);
#695 = AXIS2_PLACEMENT_3D('',#696,#697,#698);
#696 = CARTESIAN_POINT('',(-81.,-31.,-0.1));
#697 = DIRECTION('',(1.,0.,0.));
#698 = DIRECTION('',(0.,0.,1.));
#699 = DEFINITIONAL_REPRESENTATION('',(#700),#703);
#700 = B_SPLINE_CURVE_WITH_KNOTS('',1,(#701,#702),.UNSPECIFIED.,.F.,.F.,
  (2,2),(2.,14.),.PIECEWISE_BEZIER_KNOTS.);
#701 = CARTESIAN_POINT('',(0.1,0.));
#702 = CARTESIAN_POINT('',(0.1,-12.));
#703 = ( GEOMETRIC_REPRESENTATION_CONTEXT(2) 
PARAMETRIC_REPRESENTATION_CONTEXT() REPRESENTATION_CONTEXT('2D SPACE',''
  ) );
#704 = ORIENTED_EDGE('',*,*,#705,.F.);
#705 = EDGE_CURVE('',#706,#680,#708,.T.);
#706 = VERTEX_POINT('',#707);
#707 = CARTESIAN_POINT('',(-53.,-19.,0.));
#708 = SURFACE_CURVE('',#709,(#713,#719),.PCURVE_S1.);
#709 = LINE('',#710,#711);
#710 = CARTESIAN_POINT('',(-85.5,-19.,0.));
#711 = VECTOR('',#712,1.);
#712 = DIRECTION('',(-1.,0.,0.));
#713 = PCURVE('',#72,#714);
#714 = DEFINITIONAL_REPRESENTATION('',(#715),#718);
#715 = B_SPLINE_CURVE_WITH_KNOTS('',1,(#716,#717),.UNSPECIFIED.,.F.,.F.,
  (2,2),(-32.5,-4.5),.PIECEWISE_BEZIER_KNOTS.);
#716 = CARTESIAN_POINT('',(37.,16.));
#717 = CARTESIAN_POINT('',(9.,16.));
#718 = ( GEOMETRIC_REPRESENTATION_CONTEXT(2) 
PARAMETRIC_REPRESENTATION_CONTEXT() REPRESENTATION_CONTEXT('2D SPACE',''
  ) );
#719 = PCURVE('',#720,#725);
#720 = PLANE('',#721);
#721 = AXIS2_PLACEMENT_3D('',#722,#723,#724);
#722 = CARTESIAN_POINT('',(-81.,-19.,-0.1));
#723 = DIRECTION('',(0.,1.,0.));
#724 = DIRECTION('',(0.,0.,1.));
#725 = DEFINITIONAL_REPRESENTATION('',(#726),#729);
#726 = B_SPLINE_CURVE_WITH_KNOTS('',1,(#727,#728),.UNSPECIFIED.,.F.,.F.,
  (2,2),(-32.5,-4.5),.PIECEWISE_BEZIER_KNOTS.);
#727 = CARTESIAN_POINT('',(0.1,28.));
#728 = CARTESIAN_POINT('',(0.1,0.));
#729 = ( GEOMETRIC_REPRESENTATION_CONTEXT(2) 
PARAMETRIC_REPRESENTATION_CONTEXT() REPRESENTATION_CONTEXT('2D SPACE',''
  ) );
#730 = ORIENTED_EDGE('',*,*,#731,.F.);
#731 = EDGE_CURVE('',#652,#706,#732,.T.);
#732 = SURFACE_CURVE('',#733,(#737,#743),.PCURVE_S1.);
#733 = LINE('',#734,#735);
#734 = CARTESIAN_POINT('',(-53.,-33.,0.));
#735 = VECTOR('',#736,1.);
#736 = DIRECTION('',(0.,1.,0.));
#737 = PCURVE('',#72,#738);
#738 = DEFINITIONAL_REPRESENTATION('',(#739),#742);
#739 = B_SPLINE_CURVE_WITH_KNOTS('',1,(#740,#741),.UNSPECIFIED.,.F.,.F.,
  (2,2),(2.,14.),.PIECEWISE_BEZIER_KNOTS.);
#740 = CARTESIAN_POINT('',(37.,4.));
#741 = CARTESIAN_POINT('',(37.,16.));
#742 = ( GEOMETRIC_REPRESENTATION_CONTEXT(2) 
PARAMETRIC_REPRESENTATION_CONTEXT() REPRESENTATION_CONTEXT('2D SPACE',''
  ) );
#743 = PCURVE('',#744,#749);
#744 = PLANE('',#745);
#745 = AXIS2_PLACEMENT_3D('',#746,#747,#748);
#746 = CARTESIAN_POINT('',(-53.,-31.,-0.1));
#747 = DIRECTION('',(1.,0.,0.));
#748 = DIRECTION('',(0.,0.,1.));
#749 = DEFINITIONAL_REPRESENTATION('',(#750),#753);
#750 = B_SPLINE_CURVE_WITH_KNOTS('',1,(#751,#752),.UNSPECIFIED.,.F.,.F.,
  (2,2),(2.,14.),.PIECEWISE_BEZIER_KNOTS.);
#751 = CARTESIAN_POINT('',(0.1,0.));
#752 = CARTESIAN_POINT('',(0.1,-12.));
#753 = ( GEOMETRIC_REPRESENTATION_CONTEXT(2) 
PARAMETRIC_REPRESENTATION_CONTEXT() REPRESENTATION_CONTEXT('2D SPACE',''
  ) );
#754 = FACE_BOUND('',#755,.F.);
#755 = EDGE_LOOP('',(#756));
#756 = ORIENTED_EDGE('',*,*,#757,.T.);
#757 = EDGE_CURVE('',#758,#758,#760,.T.);
#758 = VERTEX_POINT('',#759);
#759 = CARTESIAN_POINT('',(87.7,-31.,0.));
#760 = SURFACE_CURVE('',#761,(#766,#777),.PCURVE_S1.);
#761 = CIRCLE('',#762,1.7);
#762 = AXIS2_PLACEMENT_3D('',#763,#764,#765);
#763 = CARTESIAN_POINT('',(86.,-31.,0.));
#764 = DIRECTION('',(0.,0.,-1.));
#765 = DIRECTION('',(1.,0.,0.));
#766 = PCURVE('',#72,#767);
#767 = DEFINITIONAL_REPRESENTATION('',(#768),#776);
#768 = ( BOUNDED_CURVE() B_SPLINE_CURVE(2,(#769,#770,#771,#772,#773,#774
,#775),.UNSPECIFIED.,.T.,.F.) B_SPLINE_CURVE_WITH_KNOTS((1,2,2,2,2,1),(
    -2.094395102393,0.,2.094395102393,4.188790204786,6.28318530718,
8.377580409573),.UNSPECIFIED.) CURVE() GEOMETRIC_REPRESENTATION_ITEM() 
RATIONAL_B_SPLINE_CURVE((1.,0.5,1.,0.5,1.,0.5,1.)) REPRESENTATION_ITEM(
  '') );
#769 = CARTESIAN_POINT('',(177.7,4.));
#770 = CARTESIAN_POINT('',(177.7,1.055513627133));
#771 = CARTESIAN_POINT('',(175.15,2.527756813566));
#772 = CARTESIAN_POINT('',(172.6,4.));
#773 = CARTESIAN_POINT('',(175.15,5.472243186434));
#774 = CARTESIAN_POINT('',(177.7,6.944486372867));
#775 = CARTESIAN_POINT('',(177.7,4.));
#776 = ( GEOMETRIC_REPRESENTATION_CONTEXT(2) 
PARAMETRIC_REPRESENTATION_CONTEXT() REPRESENTATION_CONTEXT('2D SPACE',''
  ) );
#777 = PCURVE('',#356,#778);
#778 = DEFINITIONAL_REPRESENTATION('',(#779),#783);
#779 = LINE('',#780,#781);
#780 = CARTESIAN_POINT('',(-6.28318530718,-0.2));
#781 = VECTOR('',#782,1.);
#782 = DIRECTION('',(1.,-0.));
#783 = ( GEOMETRIC_REPRESENTATION_CONTEXT(2) 
PARAMETRIC_REPRESENTATION_CONTEXT() REPRESENTATION_CONTEXT('2D SPACE',''
  ) );
#784 = FACE_BOUND('',#785,.F.);
#785 = EDGE_LOOP('',(#786,#814,#840,#866));
#786 = ORIENTED_EDGE('',*,*,#787,.T.);
#787 = EDGE_CURVE('',#788,#790,#792,.T.);
#788 = VERTEX_POINT('',#789);
#789 = CARTESIAN_POINT('',(81.,-31.,0.));
#790 = VERTEX_POINT('',#791);
#791 = CARTESIAN_POINT('',(53.,-31.,0.));
#792 = SURFACE_CURVE('',#793,(#797,#803),.PCURVE_S1.);
#793 = LINE('',#794,#795);
#794 = CARTESIAN_POINT('',(-18.5,-31.,0.));
#795 = VECTOR('',#796,1.);
#796 = DIRECTION('',(-1.,0.,0.));
#797 = PCURVE('',#72,#798);
#798 = DEFINITIONAL_REPRESENTATION('',(#799),#802);
#799 = B_SPLINE_CURVE_WITH_KNOTS('',1,(#800,#801),.UNSPECIFIED.,.F.,.F.,
  (2,2),(-99.5,-71.5),.PIECEWISE_BEZIER_KNOTS.);
#800 = CARTESIAN_POINT('',(171.,4.));
#801 = CARTESIAN_POINT('',(143.,4.));
#802 = ( GEOMETRIC_REPRESENTATION_CONTEXT(2) 
PARAMETRIC_REPRESENTATION_CONTEXT() REPRESENTATION_CONTEXT('2D SPACE',''
  ) );
#803 = PCURVE('',#804,#809);
#804 = PLANE('',#805);
#805 = AXIS2_PLACEMENT_3D('',#806,#807,#808);
#806 = CARTESIAN_POINT('',(53.,-31.,-0.1));
#807 = DIRECTION('',(0.,1.,0.));
#808 = DIRECTION('',(0.,0.,1.));
#809 = DEFINITIONAL_REPRESENTATION('',(#810),#813);
#810 = B_SPLINE_CURVE_WITH_KNOTS('',1,(#811,#812),.UNSPECIFIED.,.F.,.F.,
  (2,2),(-99.5,-71.5),.PIECEWISE_BEZIER_KNOTS.);
#811 = CARTESIAN_POINT('',(0.1,28.));
#812 = CARTESIAN_POINT('',(0.1,0.));
#813 = ( GEOMETRIC_REPRESENTATION_CONTEXT(2) 
PARAMETRIC_REPRESENTATION_CONTEXT() REPRESENTATION_CONTEXT('2D SPACE',''
  ) );
#814 = ORIENTED_EDGE('',*,*,#815,.T.);
#815 = EDGE_CURVE('',#790,#816,#818,.T.);
#816 = VERTEX_POINT('',#817);
#817 = CARTESIAN_POINT('',(53.,-19.,0.));
#818 = SURFACE_CURVE('',#819,(#823,#829),.PCURVE_S1.);
#819 = LINE('',#820,#821);
#820 = CARTESIAN_POINT('',(53.,-33.,0.));
#821 = VECTOR('',#822,1.);
#822 = DIRECTION('',(0.,1.,0.));
#823 = PCURVE('',#72,#824);
#824 = DEFINITIONAL_REPRESENTATION('',(#825),#828);
#825 = B_SPLINE_CURVE_WITH_KNOTS('',1,(#826,#827),.UNSPECIFIED.,.F.,.F.,
  (2,2),(2.,14.),.PIECEWISE_BEZIER_KNOTS.);
#826 = CARTESIAN_POINT('',(143.,4.));
#827 = CARTESIAN_POINT('',(143.,16.));
#828 = ( GEOMETRIC_REPRESENTATION_CONTEXT(2) 
PARAMETRIC_REPRESENTATION_CONTEXT() REPRESENTATION_CONTEXT('2D SPACE',''
  ) );
#829 = PCURVE('',#830,#835);
#830 = PLANE('',#831);
#831 = AXIS2_PLACEMENT_3D('',#832,#833,#834);
#832 = CARTESIAN_POINT('',(53.,-31.,-0.1));
#833 = DIRECTION('',(1.,0.,0.));
#834 = DIRECTION('',(0.,0.,1.));
#835 = DEFINITIONAL_REPRESENTATION('',(#836),#839);
#836 = B_SPLINE_CURVE_WITH_KNOTS('',1,(#837,#838),.UNSPECIFIED.,.F.,.F.,
  (2,2),(2.,14.),.PIECEWISE_BEZIER_KNOTS.);
#837 = CARTESIAN_POINT('',(0.1,0.));
#838 = CARTESIAN_POINT('',(0.1,-12.));
#839 = ( GEOMETRIC_REPRESENTATION_CONTEXT(2) 
PARAMETRIC_REPRESENTATION_CONTEXT() REPRESENTATION_CONTEXT('2D SPACE',''
  ) );
#840 = ORIENTED_EDGE('',*,*,#841,.F.);
#841 = EDGE_CURVE('',#842,#816,#844,.T.);
#842 = VERTEX_POINT('',#843);
#843 = CARTESIAN_POINT('',(81.,-19.,0.));
#844 = SURFACE_CURVE('',#845,(#849,#855),.PCURVE_S1.);
#845 = LINE('',#846,#847);
#846 = CARTESIAN_POINT('',(-18.5,-19.,0.));
#847 = VECTOR('',#848,1.);
#848 = DIRECTION('',(-1.,0.,0.));
#849 = PCURVE('',#72,#850);
#850 = DEFINITIONAL_REPRESENTATION('',(#851),#854);
#851 = B_SPLINE_CURVE_WITH_KNOTS('',1,(#852,#853),.UNSPECIFIED.,.F.,.F.,
  (2,2),(-99.5,-71.5),.PIECEWISE_BEZIER_KNOTS.);
#852 = CARTESIAN_POINT('',(171.,16.));
#853 = CARTESIAN_POINT('',(143.,16.));
#854 = ( GEOMETRIC_REPRESENTATION_CONTEXT(2) 
PARAMETRIC_REPRESENTATION_CONTEXT() REPRESENTATION_CONTEXT('2D SPACE',''
  ) );
#855 = PCURVE('',#856,#861);
#856 = PLANE('',#857);
#857 = AXIS2_PLACEMENT_3D('',#858,#859,#860);
#858 = CARTESIAN_POINT('',(53.,-19.,-0.1));
#859 = DIRECTION('',(0.,1.,0.));
#860 = DIRECTION('',(0.,0.,1.));
#861 = DEFINITIONAL_REPRESENTATION('',(#862),#865);
#862 = B_SPLINE_CURVE_WITH_KNOTS('',1,(#863,#864),.UNSPECIFIED.,.F.,.F.,
  (2,2),(-99.5,-71.5),.PIECEWISE_BEZIER_KNOTS.);
#863 = CARTESIAN_POINT('',(0.1,28.));
#864 = CARTESIAN_POINT('',(0.1,0.));
#865 = ( GEOMETRIC_REPRESENTATION_CONTEXT(2) 
PARAMETRIC_REPRESENTATION_CONTEXT() REPRESENTATION_CONTEXT('2D SPACE',''
  ) );
#866 = ORIENTED_EDGE('',*,*,#867,.F.);
#867 = EDGE_CURVE('',#788,#842,#868,.T.);
#868 = SURFACE_CURVE('',#869,(#873,#879),.PCURVE_S1.);
#869 = LINE('',#870,#871);
#870 = CARTESIAN_POINT('',(81.,-33.,0.));
#871 = VECTOR('',#872,1.);
#872 = DIRECTION('',(0.,1.,0.));
#873 = PCURVE('',#72,#874);
#874 = DEFINITIONAL_REPRESENTATION('',(#875),#878);
#875 = B_SPLINE_CURVE_WITH_KNOTS('',1,(#876,#877),.UNSPECIFIED.,.F.,.F.,
  (2,2),(2.,14.),.PIECEWISE_BEZIER_KNOTS.);
#876 = CARTESIAN_POINT('',(171.,4.));
#877 = CARTESIAN_POINT('',(171.,16.));
#878 = ( GEOMETRIC_REPRESENTATION_CONTEXT(2) 
PARAMETRIC_REPRESENTATION_CONTEXT() REPRESENTATION_CONTEXT('2D SPACE',''
  ) );
#879 = PCURVE('',#880,#885);
#880 = PLANE('',#881);
#881 = AXIS2_PLACEMENT_3D('',#882,#883,#884);
#882 = CARTESIAN_POINT('',(81.,-31.,-0.1));
#883 = DIRECTION('',(1.,0.,0.));
#884 = DIRECTION('',(0.,0.,1.));
#885 = DEFINITIONAL_REPRESENTATION('',(#886),#889);
#886 = B_SPLINE_CURVE_WITH_KNOTS('',1,(#887,#888),.UNSPECIFIED.,.F.,.F.,
  (2,2),(2.,14.),.PIECEWISE_BEZIER_KNOTS.);
#887 = CARTESIAN_POINT('',(0.1,0.));
#888 = CARTESIAN_POINT('',(0.1,-12.));
#889 = ( GEOMETRIC_REPRESENTATION_CONTEXT(2) 
PARAMETRIC_REPRESENTATION_CONTEXT() REPRESENTATION_CONTEXT('2D SPACE',''
  ) );
#890 = FACE_BOUND('',#891,.F.);
#891 = EDGE_LOOP('',(#892,#920,#946,#972));
#892 = ORIENTED_EDGE('',*,*,#893,.T.);
#893 = EDGE_CURVE('',#894,#896,#898,.T.);
#894 = VERTEX_POINT('',#895);
#895 = CARTESIAN_POINT('',(-53.,19.,0.));
#896 = VERTEX_POINT('',#897);
#897 = CARTESIAN_POINT('',(-81.,19.,0.));
#898 = SURFACE_CURVE('',#899,(#903,#909),.PCURVE_S1.);
#899 = LINE('',#900,#901);
#900 = CARTESIAN_POINT('',(-85.5,19.,0.));
#901 = VECTOR('',#902,1.);
#902 = DIRECTION('',(-1.,0.,0.));
#903 = PCURVE('',#72,#904);
#904 = DEFINITIONAL_REPRESENTATION('',(#905),#908);
#905 = B_SPLINE_CURVE_WITH_KNOTS('',1,(#906,#907),.UNSPECIFIED.,.F.,.F.,
  (2,2),(-32.5,-4.5),.PIECEWISE_BEZIER_KNOTS.);
#906 = CARTESIAN_POINT('',(37.,54.));
#907 = CARTESIAN_POINT('',(9.,54.));
#908 = ( GEOMETRIC_REPRESENTATION_CONTEXT(2) 
PARAMETRIC_REPRESENTATION_CONTEXT() REPRESENTATION_CONTEXT('2D SPACE',''
  ) );
#909 = PCURVE('',#910,#915);
#910 = PLANE('',#911);
#911 = AXIS2_PLACEMENT_3D('',#912,#913,#914);
#912 = CARTESIAN_POINT('',(-81.,19.,-0.1));
#913 = DIRECTION('',(0.,1.,0.));
#914 = DIRECTION('',(0.,0.,1.));
#915 = DEFINITIONAL_REPRESENTATION('',(#916),#919);
#916 = B_SPLINE_CURVE_WITH_KNOTS('',1,(#917,#918),.UNSPECIFIED.,.F.,.F.,
  (2,2),(-32.5,-4.5),.PIECEWISE_BEZIER_KNOTS.);
#917 = CARTESIAN_POINT('',(0.1,28.));
#918 = CARTESIAN_POINT('',(0.1,0.));
#919 = ( GEOMETRIC_REPRESENTATION_CONTEXT(2) 
PARAMETRIC_REPRESENTATION_CONTEXT() REPRESENTATION_CONTEXT('2D SPACE',''
  ) );
#920 = ORIENTED_EDGE('',*,*,#921,.T.);
#921 = EDGE_CURVE('',#896,#922,#924,.T.);
#922 = VERTEX_POINT('',#923);
#923 = CARTESIAN_POINT('',(-81.,31.,0.));
#924 = SURFACE_CURVE('',#925,(#929,#935),.PCURVE_S1.);
#925 = LINE('',#926,#927);
#926 = CARTESIAN_POINT('',(-81.,-8.,0.));
#927 = VECTOR('',#928,1.);
#928 = DIRECTION('',(0.,1.,0.));
#929 = PCURVE('',#72,#930);
#930 = DEFINITIONAL_REPRESENTATION('',(#931),#934);
#931 = B_SPLINE_CURVE_WITH_KNOTS('',1,(#932,#933),.UNSPECIFIED.,.F.,.F.,
  (2,2),(27.,39.),.PIECEWISE_BEZIER_KNOTS.);
#932 = CARTESIAN_POINT('',(9.,54.));
#933 = CARTESIAN_POINT('',(9.,66.));
#934 = ( GEOMETRIC_REPRESENTATION_CONTEXT(2) 
PARAMETRIC_REPRESENTATION_CONTEXT() REPRESENTATION_CONTEXT('2D SPACE',''
  ) );
#935 = PCURVE('',#936,#941);
#936 = PLANE('',#937);
#937 = AXIS2_PLACEMENT_3D('',#938,#939,#940);
#938 = CARTESIAN_POINT('',(-81.,19.,-0.1));
#939 = DIRECTION('',(1.,0.,0.));
#940 = DIRECTION('',(0.,0.,1.));
#941 = DEFINITIONAL_REPRESENTATION('',(#942),#945);
#942 = B_SPLINE_CURVE_WITH_KNOTS('',1,(#943,#944),.UNSPECIFIED.,.F.,.F.,
  (2,2),(27.,39.),.PIECEWISE_BEZIER_KNOTS.);
#943 = CARTESIAN_POINT('',(0.1,0.));
#944 = CARTESIAN_POINT('',(0.1,-12.));
#945 = ( GEOMETRIC_REPRESENTATION_CONTEXT(2) 
PARAMETRIC_REPRESENTATION_CONTEXT() REPRESENTATION_CONTEXT('2D SPACE',''
  ) );
#946 = ORIENTED_EDGE('',*,*,#947,.F.);
#947 = EDGE_CURVE('',#948,#922,#950,.T.);
#948 = VERTEX_POINT('',#949);
#949 = CARTESIAN_POINT('',(-53.,31.,0.));
#950 = SURFACE_CURVE('',#951,(#955,#961),.PCURVE_S1.);
#951 = LINE('',#952,#953);
#952 = CARTESIAN_POINT('',(-85.5,31.,0.));
#953 = VECTOR('',#954,1.);
#954 = DIRECTION('',(-1.,0.,0.));
#955 = PCURVE('',#72,#956);
#956 = DEFINITIONAL_REPRESENTATION('',(#957),#960);
#957 = B_SPLINE_CURVE_WITH_KNOTS('',1,(#958,#959),.UNSPECIFIED.,.F.,.F.,
  (2,2),(-32.5,-4.5),.PIECEWISE_BEZIER_KNOTS.);
#958 = CARTESIAN_POINT('',(37.,66.));
#959 = CARTESIAN_POINT('',(9.,66.));
#960 = ( GEOMETRIC_REPRESENTATION_CONTEXT(2) 
PARAMETRIC_REPRESENTATION_CONTEXT() REPRESENTATION_CONTEXT('2D SPACE',''
  ) );
#961 = PCURVE('',#962,#967);
#962 = PLANE('',#963);
#963 = AXIS2_PLACEMENT_3D('',#964,#965,#966);
#964 = CARTESIAN_POINT('',(-81.,31.,-0.1));
#965 = DIRECTION('',(0.,1.,0.));
#966 = DIRECTION('',(0.,0.,1.));
#967 = DEFINITIONAL_REPRESENTATION('',(#968),#971);
#968 = B_SPLINE_CURVE_WITH_KNOTS('',1,(#969,#970),.UNSPECIFIED.,.F.,.F.,
  (2,2),(-32.5,-4.5),.PIECEWISE_BEZIER_KNOTS.);
#969 = CARTESIAN_POINT('',(0.1,28.));
#970 = CARTESIAN_POINT('',(0.1,0.));
#971 = ( GEOMETRIC_REPRESENTATION_CONTEXT(2) 
PARAMETRIC_REPRESENTATION_CONTEXT() REPRESENTATION_CONTEXT('2D SPACE',''
  ) );
#972 = ORIENTED_EDGE('',*,*,#973,.F.);
#973 = EDGE_CURVE('',#894,#948,#974,.T.);
#974 = SURFACE_CURVE('',#975,(#979,#985),.PCURVE_S1.);
#975 = LINE('',#976,#977);
#976 = CARTESIAN_POINT('',(-53.,-8.,0.));
#977 = VECTOR('',#978,1.);
#978 = DIRECTION('',(0.,1.,0.));
#979 = PCURVE('',#72,#980);
#980 = DEFINITIONAL_REPRESENTATION('',(#981),#984);
#981 = B_SPLINE_CURVE_WITH_KNOTS('',1,(#982,#983),.UNSPECIFIED.,.F.,.F.,
  (2,2),(27.,39.),.PIECEWISE_BEZIER_KNOTS.);
#982 = CARTESIAN_POINT('',(37.,54.));
#983 = CARTESIAN_POINT('',(37.,66.));
#984 = ( GEOMETRIC_REPRESENTATION_CONTEXT(2) 
PARAMETRIC_REPRESENTATION_CONTEXT() REPRESENTATION_CONTEXT('2D SPACE',''
  ) );
#985 = PCURVE('',#986,#991);
#986 = PLANE('',#987);
#987 = AXIS2_PLACEMENT_3D('',#988,#989,#990);
#988 = CARTESIAN_POINT('',(-53.,19.,-0.1));
#989 = DIRECTION('',(1.,0.,0.));
#990 = DIRECTION('',(0.,0.,1.));
#991 = DEFINITIONAL_REPRESENTATION('',(#992),#995);
#992 = B_SPLINE_CURVE_WITH_KNOTS('',1,(#993,#994),.UNSPECIFIED.,.F.,.F.,
  (2,2),(27.,39.),.PIECEWISE_BEZIER_KNOTS.);
#993 = CARTESIAN_POINT('',(0.1,0.));
#994 = CARTESIAN_POINT('',(0.1,-12.));
#995 = ( GEOMETRIC_REPRESENTATION_CONTEXT(2) 
PARAMETRIC_REPRESENTATION_CONTEXT() REPRESENTATION_CONTEXT('2D SPACE',''
  ) );
#996 = FACE_BOUND('',#997,.F.);
#997 = EDGE_LOOP('',(#998));
#998 = ORIENTED_EDGE('',*,*,#999,.T.);
#999 = EDGE_CURVE('',#1000,#1000,#1002,.T.);
#1000 = VERTEX_POINT('',#1001);
#1001 = CARTESIAN_POINT('',(-84.3,31.,0.));
#1002 = SURFACE_CURVE('',#1003,(#1008,#1019),.PCURVE_S1.);
#1003 = CIRCLE('',#1004,1.7);
#1004 = AXIS2_PLACEMENT_3D('',#1005,#1006,#1007);
#1005 = CARTESIAN_POINT('',(-86.,31.,0.));
#1006 = DIRECTION('',(0.,0.,-1.));
#1007 = DIRECTION('',(1.,0.,0.));
#1008 = PCURVE('',#72,#1009);
#1009 = DEFINITIONAL_REPRESENTATION('',(#1010),#1018);
#1010 = ( BOUNDED_CURVE() B_SPLINE_CURVE(2,(#1011,#1012,#1013,#1014,
#1015,#1016,#1017),.UNSPECIFIED.,.T.,.F.) B_SPLINE_CURVE_WITH_KNOTS((1,2
    ,2,2,2,1),(-2.094395102393,0.,2.094395102393,4.188790204786,
6.28318530718,8.377580409573),.UNSPECIFIED.) CURVE() 
GEOMETRIC_REPRESENTATION_ITEM() RATIONAL_B_SPLINE_CURVE((1.,0.5,1.,0.5,
1.,0.5,1.)) REPRESENTATION_ITEM('') );
#1011 = CARTESIAN_POINT('',(5.7,66.));
#1012 = CARTESIAN_POINT('',(5.7,63.055513627133));
#1013 = CARTESIAN_POINT('',(3.15,64.527756813566));
#1014 = CARTESIAN_POINT('',(0.6,66.));
#1015 = CARTESIAN_POINT('',(3.15,67.472243186434));
#1016 = CARTESIAN_POINT('',(5.7,68.944486372867));
#1017 = CARTESIAN_POINT('',(5.7,66.));
#1018 = ( GEOMETRIC_REPRESENTATION_CONTEXT(2) 
PARAMETRIC_REPRESENTATION_CONTEXT() REPRESENTATION_CONTEXT('2D SPACE',''
  ) );
#1019 = PCURVE('',#461,#1020);
#1020 = DEFINITIONAL_REPRESENTATION('',(#1021),#1025);
#1021 = LINE('',#1022,#1023);
#1022 = CARTESIAN_POINT('',(-6.28318530718,-0.2));
#1023 = VECTOR('',#1024,1.);
#1024 = DIRECTION('',(1.,-0.));
#1025 = ( GEOMETRIC_REPRESENTATION_CONTEXT(2) 
PARAMETRIC_REPRESENTATION_CONTEXT() REPRESENTATION_CONTEXT('2D SPACE',''
  ) );
#1026 = FACE_BOUND('',#1027,.F.);
#1027 = EDGE_LOOP('',(#1028,#1056,#1082,#1108));
#1028 = ORIENTED_EDGE('',*,*,#1029,.T.);
#1029 = EDGE_CURVE('',#1030,#1032,#1034,.T.);
#1030 = VERTEX_POINT('',#1031);
#1031 = CARTESIAN_POINT('',(81.,19.,0.));
#1032 = VERTEX_POINT('',#1033);
#1033 = CARTESIAN_POINT('',(53.,19.,0.));
#1034 = SURFACE_CURVE('',#1035,(#1039,#1045),.PCURVE_S1.);
#1035 = LINE('',#1036,#1037);
#1036 = CARTESIAN_POINT('',(-18.5,19.,0.));
#1037 = VECTOR('',#1038,1.);
#1038 = DIRECTION('',(-1.,0.,0.));
#1039 = PCURVE('',#72,#1040);
#1040 = DEFINITIONAL_REPRESENTATION('',(#1041),#1044);
#1041 = B_SPLINE_CURVE_WITH_KNOTS('',1,(#1042,#1043),.UNSPECIFIED.,.F.,
  .F.,(2,2),(-99.5,-71.5),.PIECEWISE_BEZIER_KNOTS.);
#1042 = CARTESIAN_POINT('',(171.,54.));
#1043 = CARTESIAN_POINT('',(143.,54.));
#1044 = ( GEOMETRIC_REPRESENTATION_CONTEXT(2) 
PARAMETRIC_REPRESENTATION_CONTEXT() REPRESENTATION_CONTEXT('2D SPACE',''
  ) );
#1045 = PCURVE('',#1046,#1051);
#1046 = PLANE('',#1047);
#1047 = AXIS2_PLACEMENT_3D('',#1048,#1049,#1050);
#1048 = CARTESIAN_POINT('',(53.,19.,-0.1));
#1049 = DIRECTION('',(0.,1.,0.));
#1050 = DIRECTION('',(0.,0.,1.));
#1051 = DEFINITIONAL_REPRESENTATION('',(#1052),#1055);
#1052 = B_SPLINE_CURVE_WITH_KNOTS('',1,(#1053,#1054),.UNSPECIFIED.,.F.,
  .F.,(2,2),(-99.5,-71.5),.PIECEWISE_BEZIER_KNOTS.);
#1053 = CARTESIAN_POINT('',(0.1,28.));
#1054 = CARTESIAN_POINT('',(0.1,0.));
#1055 = ( GEOMETRIC_REPRESENTATION_CONTEXT(2) 
PARAMETRIC_REPRESENTATION_CONTEXT() REPRESENTATION_CONTEXT('2D SPACE',''
  ) );
#1056 = ORIENTED_EDGE('',*,*,#1057,.T.);
#1057 = EDGE_CURVE('',#1032,#1058,#1060,.T.);
#1058 = VERTEX_POINT('',#1059);
#1059 = CARTESIAN_POINT('',(53.,31.,0.));
#1060 = SURFACE_CURVE('',#1061,(#1065,#1071),.PCURVE_S1.);
#1061 = LINE('',#1062,#1063);
#1062 = CARTESIAN_POINT('',(53.,-8.,0.));
#1063 = VECTOR('',#1064,1.);
#1064 = DIRECTION('',(0.,1.,0.));
#1065 = PCURVE('',#72,#1066);
#1066 = DEFINITIONAL_REPRESENTATION('',(#1067),#1070);
#1067 = B_SPLINE_CURVE_WITH_KNOTS('',1,(#1068,#1069),.UNSPECIFIED.,.F.,
  .F.,(2,2),(27.,39.),.PIECEWISE_BEZIER_KNOTS.);
#1068 = CARTESIAN_POINT('',(143.,54.));
#1069 = CARTESIAN_POINT('',(143.,66.));
#1070 = ( GEOMETRIC_REPRESENTATION_CONTEXT(2) 
PARAMETRIC_REPRESENTATION_CONTEXT() REPRESENTATION_CONTEXT('2D SPACE',''
  ) );
#1071 = PCURVE('',#1072,#1077);
#1072 = PLANE('',#1073);
#1073 = AXIS2_PLACEMENT_3D('',#1074,#1075,#1076);
#1074 = CARTESIAN_POINT('',(53.,19.,-0.1));
#1075 = DIRECTION('',(1.,0.,0.));
#1076 = DIRECTION('',(0.,0.,1.));
#1077 = DEFINITIONAL_REPRESENTATION('',(#1078),#1081);
#1078 = B_SPLINE_CURVE_WITH_KNOTS('',1,(#1079,#1080),.UNSPECIFIED.,.F.,
  .F.,(2,2),(27.,39.),.PIECEWISE_BEZIER_KNOTS.);
#1079 = CARTESIAN_POINT('',(0.1,0.));
#1080 = CARTESIAN_POINT('',(0.1,-12.));
#1081 = ( GEOMETRIC_REPRESENTATION_CONTEXT(2) 
PARAMETRIC_REPRESENTATION_CONTEXT() REPRESENTATION_CONTEXT('2D SPACE',''
  ) );
#1082 = ORIENTED_EDGE('',*,*,#1083,.F.);
#1083 = EDGE_CURVE('',#1084,#1058,#1086,.T.);
#1084 = VERTEX_POINT('',#1085);
#1085 = CARTESIAN_POINT('',(81.,31.,0.));
#1086 = SURFACE_CURVE('',#1087,(#1091,#1097),.PCURVE_S1.);
#1087 = LINE('',#1088,#1089);
#1088 = CARTESIAN_POINT('',(-18.5,31.,0.));
#1089 = VECTOR('',#1090,1.);
#1090 = DIRECTION('',(-1.,0.,0.));
#1091 = PCURVE('',#72,#1092);
#1092 = DEFINITIONAL_REPRESENTATION('',(#1093),#1096);
#1093 = B_SPLINE_CURVE_WITH_KNOTS('',1,(#1094,#1095),.UNSPECIFIED.,.F.,
  .F.,(2,2),(-99.5,-71.5),.PIECEWISE_BEZIER_KNOTS.);
#1094 = CARTESIAN_POINT('',(171.,66.));
#1095 = CARTESIAN_POINT('',(143.,66.));
#1096 = ( GEOMETRIC_REPRESENTATION_CONTEXT(2) 
PARAMETRIC_REPRESENTATION_CONTEXT() REPRESENTATION_CONTEXT('2D SPACE',''
  ) );
#1097 = PCURVE('',#1098,#1103);
#1098 = PLANE('',#1099);
#1099 = AXIS2_PLACEMENT_3D('',#1100,#1101,#1102);
#1100 = CARTESIAN_POINT('',(53.,31.,-0.1));
#1101 = DIRECTION('',(0.,1.,0.));
#1102 = DIRECTION('',(0.,0.,1.));
#1103 = DEFINITIONAL_REPRESENTATION('',(#1104),#1107);
#1104 = B_SPLINE_CURVE_WITH_KNOTS('',1,(#1105,#1106),.UNSPECIFIED.,.F.,
  .F.,(2,2),(-99.5,-71.5),.PIECEWISE_BEZIER_KNOTS.);
#1105 = CARTESIAN_POINT('',(0.1,28.));
#1106 = CARTESIAN_POINT('',(0.1,0.));
#1107 = ( GEOMETRIC_REPRESENTATION_CONTEXT(2) 
PARAMETRIC_REPRESENTATION_CONTEXT() REPRESENTATION_CONTEXT('2D SPACE',''
  ) );
#1108 = ORIENTED_EDGE('',*,*,#1109,.F.);
#1109 = EDGE_CURVE('',#1030,#1084,#1110,.T.);
#1110 = SURFACE_CURVE('',#1111,(#1115,#1121),.PCURVE_S1.);
#1111 = LINE('',#1112,#1113);
#1112 = CARTESIAN_POINT('',(81.,-8.,0.));
#1113 = VECTOR('',#1114,1.);
#1114 = DIRECTION('',(0.,1.,0.));
#1115 = PCURVE('',#72,#1116);
#1116 = DEFINITIONAL_REPRESENTATION('',(#1117),#1120);
#1117 = B_SPLINE_CURVE_WITH_KNOTS('',1,(#1118,#1119),.UNSPECIFIED.,.F.,
  .F.,(2,2),(27.,39.),.PIECEWISE_BEZIER_KNOTS.);
#1118 = CARTESIAN_POINT('',(171.,54.));
#1119 = CARTESIAN_POINT('',(171.,66.));
#1120 = ( GEOMETRIC_REPRESENTATION_CONTEXT(2) 
PARAMETRIC_REPRESENTATION_CONTEXT() REPRESENTATION_CONTEXT('2D SPACE',''
  ) );
#1121 = PCURVE('',#1122,#1127);
#1122 = PLANE('',#1123);
#1123 = AXIS2_PLACEMENT_3D('',#1124,#1125,#1126);
#1124 = CARTESIAN_POINT('',(81.,19.,-0.1));
#1125 = DIRECTION('',(1.,0.,0.));
#1126 = DIRECTION('',(0.,0.,1.));
#1127 = DEFINITIONAL_REPRESENTATION('',(#1128),#1131);
#1128 = B_SPLINE_CURVE_WITH_KNOTS('',1,(#1129,#1130),.UNSPECIFIED.,.F.,
  .F.,(2,2),(27.,39.),.PIECEWISE_BEZIER_KNOTS.);
#1129 = CARTESIAN_POINT('',(0.1,0.));
#1130 = CARTESIAN_POINT('',(0.1,-12.));
#1131 = ( GEOMETRIC_REPRESENTATION_CONTEXT(2) 
PARAMETRIC_REPRESENTATION_CONTEXT() REPRESENTATION_CONTEXT('2D SPACE',''
  ) );
#1132 = FACE_BOUND('',#1133,.F.);
#1133 = EDGE_LOOP('',(#1134));
#1134 = ORIENTED_EDGE('',*,*,#1135,.T.);
#1135 = EDGE_CURVE('',#1136,#1136,#1138,.T.);
#1136 = VERTEX_POINT('',#1137);
#1137 = CARTESIAN_POINT('',(87.7,31.,0.));
#1138 = SURFACE_CURVE('',#1139,(#1144,#1155),.PCURVE_S1.);
#1139 = CIRCLE('',#1140,1.7);
#1140 = AXIS2_PLACEMENT_3D('',#1141,#1142,#1143);
#1141 = CARTESIAN_POINT('',(86.,31.,0.));
#1142 = DIRECTION('',(0.,0.,-1.));
#1143 = DIRECTION('',(1.,0.,0.));
#1144 = PCURVE('',#72,#1145);
#1145 = DEFINITIONAL_REPRESENTATION('',(#1146),#1154);
#1146 = ( BOUNDED_CURVE() B_SPLINE_CURVE(2,(#1147,#1148,#1149,#1150,
#1151,#1152,#1153),.UNSPECIFIED.,.T.,.F.) B_SPLINE_CURVE_WITH_KNOTS((1,2
    ,2,2,2,1),(-2.094395102393,0.,2.094395102393,4.188790204786,
6.28318530718,8.377580409573),.UNSPECIFIED.) CURVE() 
GEOMETRIC_REPRESENTATION_ITEM() RATIONAL_B_SPLINE_CURVE((1.,0.5,1.,0.5,
1.,0.5,1.)) REPRESENTATION_ITEM('') );
#1147 = CARTESIAN_POINT('',(177.7,66.));
#1148 = CARTESIAN_POINT('',(177.7,63.055513627133));
#1149 = CARTESIAN_POINT('',(175.15,64.527756813566));
#1150 = CARTESIAN_POINT('',(172.6,66.));
#1151 = CARTESIAN_POINT('',(175.15,67.472243186434));
#1152 = CARTESIAN_POINT('',(177.7,68.944486372867));
#1153 = CARTESIAN_POINT('',(177.7,66.));
#1154 = ( GEOMETRIC_REPRESENTATION_CONTEXT(2) 
PARAMETRIC_REPRESENTATION_CONTEXT() REPRESENTATION_CONTEXT('2D SPACE',''
  ) );
#1155 = PCURVE('',#531,#1156);
#1156 = DEFINITIONAL_REPRESENTATION('',(#1157),#1161);
#1157 = LINE('',#1158,#1159);
#1158 = CARTESIAN_POINT('',(-6.28318530718,-0.2));
#1159 = VECTOR('',#1160,1.);
#1160 = DIRECTION('',(1.,-0.));
#1161 = ( GEOMETRIC_REPRESENTATION_CONTEXT(2) 
PARAMETRIC_REPRESENTATION_CONTEXT() REPRESENTATION_CONTEXT('2D SPACE',''
  ) );
#1162 = ADVANCED_FACE('',(#1163),#202,.T.);
#1163 = FACE_BOUND('',#1164,.T.);
#1164 = EDGE_LOOP('',(#1165,#1166,#1167,#1168));
#1165 = ORIENTED_EDGE('',*,*,#188,.F.);
#1166 = ORIENTED_EDGE('',*,*,#597,.T.);
#1167 = ORIENTED_EDGE('',*,*,#571,.T.);
#1168 = ORIENTED_EDGE('',*,*,#219,.F.);
#1169 = ADVANCED_FACE('',(#1170),#286,.F.);
#1170 = FACE_BOUND('',#1171,.T.);
#1171 = EDGE_LOOP('',(#1172,#1173,#1194,#1195));
#1172 = ORIENTED_EDGE('',*,*,#621,.T.);
#1173 = ORIENTED_EDGE('',*,*,#1174,.T.);
#1174 = EDGE_CURVE('',#622,#266,#1175,.T.);
#1175 = SEAM_CURVE('',#1176,(#1180,#1187),.PCURVE_S1.);
#1176 = LINE('',#1177,#1178);
#1177 = CARTESIAN_POINT('',(-84.3,-31.,-0.2));
#1178 = VECTOR('',#1179,1.);
#1179 = DIRECTION('',(0.,0.,1.));
#1180 = PCURVE('',#286,#1181);
#1181 = DEFINITIONAL_REPRESENTATION('',(#1182),#1186);
#1182 = LINE('',#1183,#1184);
#1183 = CARTESIAN_POINT('',(-6.28318530718,0.));
#1184 = VECTOR('',#1185,1.);
#1185 = DIRECTION('',(-0.,-1.));
#1186 = ( GEOMETRIC_REPRESENTATION_CONTEXT(2) 
PARAMETRIC_REPRESENTATION_CONTEXT() REPRESENTATION_CONTEXT('2D SPACE',''
  ) );
#1187 = PCURVE('',#286,#1188);
#1188 = DEFINITIONAL_REPRESENTATION('',(#1189),#1193);
#1189 = LINE('',#1190,#1191);
#1190 = CARTESIAN_POINT('',(-0.,0.));
#1191 = VECTOR('',#1192,1.);
#1192 = DIRECTION('',(-0.,-1.));
#1193 = ( GEOMETRIC_REPRESENTATION_CONTEXT(2) 
PARAMETRIC_REPRESENTATION_CONTEXT() REPRESENTATION_CONTEXT('2D SPACE',''
  ) );
#1194 = ORIENTED_EDGE('',*,*,#265,.F.);
#1195 = ORIENTED_EDGE('',*,*,#1174,.F.);
#1196 = ADVANCED_FACE('',(#1197),#321,.F.);
#1197 = FACE_BOUND('',#1198,.T.);
#1198 = EDGE_LOOP('',(#1199,#1228,#1249,#1250));
#1199 = ORIENTED_EDGE('',*,*,#1200,.F.);
#1200 = EDGE_CURVE('',#1201,#1201,#1203,.T.);
#1201 = VERTEX_POINT('',#1202);
#1202 = CARTESIAN_POINT('',(-42.75,-18.,2.3));
#1203 = SURFACE_CURVE('',#1204,(#1209,#1216),.PCURVE_S1.);
#1204 = CIRCLE('',#1205,12.25);
#1205 = AXIS2_PLACEMENT_3D('',#1206,#1207,#1208);
#1206 = CARTESIAN_POINT('',(-55.,-18.,2.3));
#1207 = DIRECTION('',(0.,0.,1.));
#1208 = DIRECTION('',(1.,0.,0.));
#1209 = PCURVE('',#321,#1210);
#1210 = DEFINITIONAL_REPRESENTATION('',(#1211),#1215);
#1211 = LINE('',#1212,#1213);
#1212 = CARTESIAN_POINT('',(-0.,0.));
#1213 = VECTOR('',#1214,1.);
#1214 = DIRECTION('',(-1.,0.));
#1215 = ( GEOMETRIC_REPRESENTATION_CONTEXT(2) 
PARAMETRIC_REPRESENTATION_CONTEXT() REPRESENTATION_CONTEXT('2D SPACE',''
  ) );
#1216 = PCURVE('',#1217,#1222);
#1217 = PLANE('',#1218);
#1218 = AXIS2_PLACEMENT_3D('',#1219,#1220,#1221);
#1219 = CARTESIAN_POINT('',(-55.,-18.,2.3));
#1220 = DIRECTION('',(0.,0.,1.));
#1221 = DIRECTION('',(1.,0.,-0.));
#1222 = DEFINITIONAL_REPRESENTATION('',(#1223),#1227);
#1223 = CIRCLE('',#1224,12.25);
#1224 = AXIS2_PLACEMENT_2D('',#1225,#1226);
#1225 = CARTESIAN_POINT('',(0.,-3.552713678801E-15));
#1226 = DIRECTION('',(1.,0.));
#1227 = ( GEOMETRIC_REPRESENTATION_CONTEXT(2) 
PARAMETRIC_REPRESENTATION_CONTEXT() REPRESENTATION_CONTEXT('2D SPACE',''
  ) );
#1228 = ORIENTED_EDGE('',*,*,#1229,.T.);
#1229 = EDGE_CURVE('',#1201,#301,#1230,.T.);
#1230 = SEAM_CURVE('',#1231,(#1235,#1242),.PCURVE_S1.);
#1231 = LINE('',#1232,#1233);
#1232 = CARTESIAN_POINT('',(-42.75,-18.,2.3));
#1233 = VECTOR('',#1234,1.);
#1234 = DIRECTION('',(0.,0.,1.));
#1235 = PCURVE('',#321,#1236);
#1236 = DEFINITIONAL_REPRESENTATION('',(#1237),#1241);
#1237 = LINE('',#1238,#1239);
#1238 = CARTESIAN_POINT('',(-6.28318530718,0.));
#1239 = VECTOR('',#1240,1.);
#1240 = DIRECTION('',(-0.,-1.));
#1241 = ( GEOMETRIC_REPRESENTATION_CONTEXT(2) 
PARAMETRIC_REPRESENTATION_CONTEXT() REPRESENTATION_CONTEXT('2D SPACE',''
  ) );
#1242 = PCURVE('',#321,#1243);
#1243 = DEFINITIONAL_REPRESENTATION('',(#1244),#1248);
#1244 = LINE('',#1245,#1246);
#1245 = CARTESIAN_POINT('',(-0.,0.));
#1246 = VECTOR('',#1247,1.);
#1247 = DIRECTION('',(-0.,-1.));
#1248 = ( GEOMETRIC_REPRESENTATION_CONTEXT(2) 
PARAMETRIC_REPRESENTATION_CONTEXT() REPRESENTATION_CONTEXT('2D SPACE',''
  ) );
#1249 = ORIENTED_EDGE('',*,*,#300,.F.);
#1250 = ORIENTED_EDGE('',*,*,#1229,.F.);
#1251 = ADVANCED_FACE('',(#1252),#356,.F.);
#1252 = FACE_BOUND('',#1253,.T.);
#1253 = EDGE_LOOP('',(#1254,#1255,#1276,#1277));
#1254 = ORIENTED_EDGE('',*,*,#757,.T.);
#1255 = ORIENTED_EDGE('',*,*,#1256,.T.);
#1256 = EDGE_CURVE('',#758,#336,#1257,.T.);
#1257 = SEAM_CURVE('',#1258,(#1262,#1269),.PCURVE_S1.);
#1258 = LINE('',#1259,#1260);
#1259 = CARTESIAN_POINT('',(87.7,-31.,-0.2));
#1260 = VECTOR('',#1261,1.);
#1261 = DIRECTION('',(0.,0.,1.));
#1262 = PCURVE('',#356,#1263);
#1263 = DEFINITIONAL_REPRESENTATION('',(#1264),#1268);
#1264 = LINE('',#1265,#1266);
#1265 = CARTESIAN_POINT('',(-6.28318530718,0.));
#1266 = VECTOR('',#1267,1.);
#1267 = DIRECTION('',(-0.,-1.));
#1268 = ( GEOMETRIC_REPRESENTATION_CONTEXT(2) 
PARAMETRIC_REPRESENTATION_CONTEXT() REPRESENTATION_CONTEXT('2D SPACE',''
  ) );
#1269 = PCURVE('',#356,#1270);
#1270 = DEFINITIONAL_REPRESENTATION('',(#1271),#1275);
#1271 = LINE('',#1272,#1273);
#1272 = CARTESIAN_POINT('',(-0.,0.));
#1273 = VECTOR('',#1274,1.);
#1274 = DIRECTION('',(-0.,-1.));
#1275 = ( GEOMETRIC_REPRESENTATION_CONTEXT(2) 
PARAMETRIC_REPRESENTATION_CONTEXT() REPRESENTATION_CONTEXT('2D SPACE',''
  ) );
#1276 = ORIENTED_EDGE('',*,*,#335,.F.);
#1277 = ORIENTED_EDGE('',*,*,#1256,.F.);
#1278 = ADVANCED_FACE('',(#1279),#391,.F.);
#1279 = FACE_BOUND('',#1280,.T.);
#1280 = EDGE_LOOP('',(#1281,#1310,#1331,#1332));
#1281 = ORIENTED_EDGE('',*,*,#1282,.F.);
#1282 = EDGE_CURVE('',#1283,#1283,#1285,.T.);
#1283 = VERTEX_POINT('',#1284);
#1284 = CARTESIAN_POINT('',(67.25,-18.,2.3));
#1285 = SURFACE_CURVE('',#1286,(#1291,#1298),.PCURVE_S1.);
#1286 = CIRCLE('',#1287,12.25);
#1287 = AXIS2_PLACEMENT_3D('',#1288,#1289,#1290);
#1288 = CARTESIAN_POINT('',(55.,-18.,2.3));
#1289 = DIRECTION('',(0.,0.,1.));
#1290 = DIRECTION('',(1.,0.,0.));
#1291 = PCURVE('',#391,#1292);
#1292 = DEFINITIONAL_REPRESENTATION('',(#1293),#1297);
#1293 = LINE('',#1294,#1295);
#1294 = CARTESIAN_POINT('',(-0.,0.));
#1295 = VECTOR('',#1296,1.);
#1296 = DIRECTION('',(-1.,0.));
#1297 = ( GEOMETRIC_REPRESENTATION_CONTEXT(2) 
PARAMETRIC_REPRESENTATION_CONTEXT() REPRESENTATION_CONTEXT('2D SPACE',''
  ) );
#1298 = PCURVE('',#1299,#1304);
#1299 = PLANE('',#1300);
#1300 = AXIS2_PLACEMENT_3D('',#1301,#1302,#1303);
#1301 = CARTESIAN_POINT('',(55.,-18.,2.3));
#1302 = DIRECTION('',(0.,0.,1.));
#1303 = DIRECTION('',(1.,0.,-0.));
#1304 = DEFINITIONAL_REPRESENTATION('',(#1305),#1309);
#1305 = CIRCLE('',#1306,12.25);
#1306 = AXIS2_PLACEMENT_2D('',#1307,#1308);
#1307 = CARTESIAN_POINT('',(0.,-3.552713678801E-15));
#1308 = DIRECTION('',(1.,0.));
#1309 = ( GEOMETRIC_REPRESENTATION_CONTEXT(2) 
PARAMETRIC_REPRESENTATION_CONTEXT() REPRESENTATION_CONTEXT('2D SPACE',''
  ) );
#1310 = ORIENTED_EDGE('',*,*,#1311,.T.);
#1311 = EDGE_CURVE('',#1283,#371,#1312,.T.);
#1312 = SEAM_CURVE('',#1313,(#1317,#1324),.PCURVE_S1.);
#1313 = LINE('',#1314,#1315);
#1314 = CARTESIAN_POINT('',(67.25,-18.,2.3));
#1315 = VECTOR('',#1316,1.);
#1316 = DIRECTION('',(0.,0.,1.));
#1317 = PCURVE('',#391,#1318);
#1318 = DEFINITIONAL_REPRESENTATION('',(#1319),#1323);
#1319 = LINE('',#1320,#1321);
#1320 = CARTESIAN_POINT('',(-6.28318530718,0.));
#1321 = VECTOR('',#1322,1.);
#1322 = DIRECTION('',(-0.,-1.));
#1323 = ( GEOMETRIC_REPRESENTATION_CONTEXT(2) 
PARAMETRIC_REPRESENTATION_CONTEXT() REPRESENTATION_CONTEXT('2D SPACE',''
  ) );
#1324 = PCURVE('',#391,#1325);
#1325 = DEFINITIONAL_REPRESENTATION('',(#1326),#1330);
#1326 = LINE('',#1327,#1328);
#1327 = CARTESIAN_POINT('',(-0.,0.));
#1328 = VECTOR('',#1329,1.);
#1329 = DIRECTION('',(-0.,-1.));
#1330 = ( GEOMETRIC_REPRESENTATION_CONTEXT(2) 
PARAMETRIC_REPRESENTATION_CONTEXT() REPRESENTATION_CONTEXT('2D SPACE',''
  ) );
#1331 = ORIENTED_EDGE('',*,*,#370,.F.);
#1332 = ORIENTED_EDGE('',*,*,#1311,.F.);
#1333 = ADVANCED_FACE('',(#1334),#426,.F.);
#1334 = FACE_BOUND('',#1335,.T.);
#1335 = EDGE_LOOP('',(#1336,#1365,#1386,#1387));
#1336 = ORIENTED_EDGE('',*,*,#1337,.F.);
#1337 = EDGE_CURVE('',#1338,#1338,#1340,.T.);
#1338 = VERTEX_POINT('',#1339);
#1339 = CARTESIAN_POINT('',(-42.75,18.,2.3));
#1340 = SURFACE_CURVE('',#1341,(#1346,#1353),.PCURVE_S1.);
#1341 = CIRCLE('',#1342,12.25);
#1342 = AXIS2_PLACEMENT_3D('',#1343,#1344,#1345);
#1343 = CARTESIAN_POINT('',(-55.,18.,2.3));
#1344 = DIRECTION('',(0.,0.,1.));
#1345 = DIRECTION('',(1.,0.,0.));
#1346 = PCURVE('',#426,#1347);
#1347 = DEFINITIONAL_REPRESENTATION('',(#1348),#1352);
#1348 = LINE('',#1349,#1350);
#1349 = CARTESIAN_POINT('',(-0.,0.));
#1350 = VECTOR('',#1351,1.);
#1351 = DIRECTION('',(-1.,0.));
#1352 = ( GEOMETRIC_REPRESENTATION_CONTEXT(2) 
PARAMETRIC_REPRESENTATION_CONTEXT() REPRESENTATION_CONTEXT('2D SPACE',''
  ) );
#1353 = PCURVE('',#1354,#1359);
#1354 = PLANE('',#1355);
#1355 = AXIS2_PLACEMENT_3D('',#1356,#1357,#1358);
#1356 = CARTESIAN_POINT('',(-55.,18.,2.3));
#1357 = DIRECTION('',(0.,0.,1.));
#1358 = DIRECTION('',(1.,0.,-0.));
#1359 = DEFINITIONAL_REPRESENTATION('',(#1360),#1364);
#1360 = CIRCLE('',#1361,12.25);
#1361 = AXIS2_PLACEMENT_2D('',#1362,#1363);
#1362 = CARTESIAN_POINT('',(7.105427357601E-15,0.));
#1363 = DIRECTION('',(1.,0.));
#1364 = ( GEOMETRIC_REPRESENTATION_CONTEXT(2) 
PARAMETRIC_REPRESENTATION_CONTEXT() REPRESENTATION_CONTEXT('2D SPACE',''
  ) );
#1365 = ORIENTED_EDGE('',*,*,#1366,.T.);
#1366 = EDGE_CURVE('',#1338,#406,#1367,.T.);
#1367 = SEAM_CURVE('',#1368,(#1372,#1379),.PCURVE_S1.);
#1368 = LINE('',#1369,#1370);
#1369 = CARTESIAN_POINT('',(-42.75,18.,2.3));
#1370 = VECTOR('',#1371,1.);
#1371 = DIRECTION('',(0.,0.,1.));
#1372 = PCURVE('',#426,#1373);
#1373 = DEFINITIONAL_REPRESENTATION('',(#1374),#1378);
#1374 = LINE('',#1375,#1376);
#1375 = CARTESIAN_POINT('',(-6.28318530718,0.));
#1376 = VECTOR('',#1377,1.);
#1377 = DIRECTION('',(-0.,-1.));
#1378 = ( GEOMETRIC_REPRESENTATION_CONTEXT(2) 
PARAMETRIC_REPRESENTATION_CONTEXT() REPRESENTATION_CONTEXT('2D SPACE',''
  ) );
#1379 = PCURVE('',#426,#1380);
#1380 = DEFINITIONAL_REPRESENTATION('',(#1381),#1385);
#1381 = LINE('',#1382,#1383);
#1382 = CARTESIAN_POINT('',(-0.,0.));
#1383 = VECTOR('',#1384,1.);
#1384 = DIRECTION('',(-0.,-1.));
#1385 = ( GEOMETRIC_REPRESENTATION_CONTEXT(2) 
PARAMETRIC_REPRESENTATION_CONTEXT() REPRESENTATION_CONTEXT('2D SPACE',''
  ) );
#1386 = ORIENTED_EDGE('',*,*,#405,.F.);
#1387 = ORIENTED_EDGE('',*,*,#1366,.F.);
#1388 = ADVANCED_FACE('',(#1389),#461,.F.);
#1389 = FACE_BOUND('',#1390,.T.);
#1390 = EDGE_LOOP('',(#1391,#1392,#1413,#1414));
#1391 = ORIENTED_EDGE('',*,*,#999,.T.);
#1392 = ORIENTED_EDGE('',*,*,#1393,.T.);
#1393 = EDGE_CURVE('',#1000,#441,#1394,.T.);
#1394 = SEAM_CURVE('',#1395,(#1399,#1406),.PCURVE_S1.);
#1395 = LINE('',#1396,#1397);
#1396 = CARTESIAN_POINT('',(-84.3,31.,-0.2));
#1397 = VECTOR('',#1398,1.);
#1398 = DIRECTION('',(0.,0.,1.));
#1399 = PCURVE('',#461,#1400);
#1400 = DEFINITIONAL_REPRESENTATION('',(#1401),#1405);
#1401 = LINE('',#1402,#1403);
#1402 = CARTESIAN_POINT('',(-6.28318530718,0.));
#1403 = VECTOR('',#1404,1.);
#1404 = DIRECTION('',(-0.,-1.));
#1405 = ( GEOMETRIC_REPRESENTATION_CONTEXT(2) 
PARAMETRIC_REPRESENTATION_CONTEXT() REPRESENTATION_CONTEXT('2D SPACE',''
  ) );
#1406 = PCURVE('',#461,#1407);
#1407 = DEFINITIONAL_REPRESENTATION('',(#1408),#1412);
#1408 = LINE('',#1409,#1410);
#1409 = CARTESIAN_POINT('',(-0.,0.));
#1410 = VECTOR('',#1411,1.);
#1411 = DIRECTION('',(-0.,-1.));
#1412 = ( GEOMETRIC_REPRESENTATION_CONTEXT(2) 
PARAMETRIC_REPRESENTATION_CONTEXT() REPRESENTATION_CONTEXT('2D SPACE',''
  ) );
#1413 = ORIENTED_EDGE('',*,*,#440,.F.);
#1414 = ORIENTED_EDGE('',*,*,#1393,.F.);
#1415 = ADVANCED_FACE('',(#1416),#496,.F.);
#1416 = FACE_BOUND('',#1417,.T.);
#1417 = EDGE_LOOP('',(#1418,#1447,#1468,#1469));
#1418 = ORIENTED_EDGE('',*,*,#1419,.F.);
#1419 = EDGE_CURVE('',#1420,#1420,#1422,.T.);
#1420 = VERTEX_POINT('',#1421);
#1421 = CARTESIAN_POINT('',(67.25,18.,2.3));
#1422 = SURFACE_CURVE('',#1423,(#1428,#1435),.PCURVE_S1.);
#1423 = CIRCLE('',#1424,12.25);
#1424 = AXIS2_PLACEMENT_3D('',#1425,#1426,#1427);
#1425 = CARTESIAN_POINT('',(55.,18.,2.3));
#1426 = DIRECTION('',(0.,0.,1.));
#1427 = DIRECTION('',(1.,0.,0.));
#1428 = PCURVE('',#496,#1429);
#1429 = DEFINITIONAL_REPRESENTATION('',(#1430),#1434);
#1430 = LINE('',#1431,#1432);
#1431 = CARTESIAN_POINT('',(-0.,0.));
#1432 = VECTOR('',#1433,1.);
#1433 = DIRECTION('',(-1.,0.));
#1434 = ( GEOMETRIC_REPRESENTATION_CONTEXT(2) 
PARAMETRIC_REPRESENTATION_CONTEXT() REPRESENTATION_CONTEXT('2D SPACE',''
  ) );
#1435 = PCURVE('',#1436,#1441);
#1436 = PLANE('',#1437);
#1437 = AXIS2_PLACEMENT_3D('',#1438,#1439,#1440);
#1438 = CARTESIAN_POINT('',(55.,18.,2.3));
#1439 = DIRECTION('',(0.,0.,1.));
#1440 = DIRECTION('',(1.,0.,-0.));
#1441 = DEFINITIONAL_REPRESENTATION('',(#1442),#1446);
#1442 = CIRCLE('',#1443,12.25);
#1443 = AXIS2_PLACEMENT_2D('',#1444,#1445);
#1444 = CARTESIAN_POINT('',(7.105427357601E-15,0.));
#1445 = DIRECTION('',(1.,0.));
#1446 = ( GEOMETRIC_REPRESENTATION_CONTEXT(2) 
PARAMETRIC_REPRESENTATION_CONTEXT() REPRESENTATION_CONTEXT('2D SPACE',''
  ) );
#1447 = ORIENTED_EDGE('',*,*,#1448,.T.);
#1448 = EDGE_CURVE('',#1420,#476,#1449,.T.);
#1449 = SEAM_CURVE('',#1450,(#1454,#1461),.PCURVE_S1.);
#1450 = LINE('',#1451,#1452);
#1451 = CARTESIAN_POINT('',(67.25,18.,2.3));
#1452 = VECTOR('',#1453,1.);
#1453 = DIRECTION('',(0.,0.,1.));
#1454 = PCURVE('',#496,#1455);
#1455 = DEFINITIONAL_REPRESENTATION('',(#1456),#1460);
#1456 = LINE('',#1457,#1458);
#1457 = CARTESIAN_POINT('',(-6.28318530718,0.));
#1458 = VECTOR('',#1459,1.);
#1459 = DIRECTION('',(-0.,-1.));
#1460 = ( GEOMETRIC_REPRESENTATION_CONTEXT(2) 
PARAMETRIC_REPRESENTATION_CONTEXT() REPRESENTATION_CONTEXT('2D SPACE',''
  ) );
#1461 = PCURVE('',#496,#1462);
#1462 = DEFINITIONAL_REPRESENTATION('',(#1463),#1467);
#1463 = LINE('',#1464,#1465);
#1464 = CARTESIAN_POINT('',(-0.,0.));
#1465 = VECTOR('',#1466,1.);
#1466 = DIRECTION('',(-0.,-1.));
#1467 = ( GEOMETRIC_REPRESENTATION_CONTEXT(2) 
PARAMETRIC_REPRESENTATION_CONTEXT() REPRESENTATION_CONTEXT('2D SPACE',''
  ) );
#1468 = ORIENTED_EDGE('',*,*,#475,.F.);
#1469 = ORIENTED_EDGE('',*,*,#1448,.F.);
#1470 = ADVANCED_FACE('',(#1471),#531,.F.);
#1471 = FACE_BOUND('',#1472,.T.);
#1472 = EDGE_LOOP('',(#1473,#1474,#1495,#1496));
#1473 = ORIENTED_EDGE('',*,*,#1135,.T.);
#1474 = ORIENTED_EDGE('',*,*,#1475,.T.);
#1475 = EDGE_CURVE('',#1136,#511,#1476,.T.);
#1476 = SEAM_CURVE('',#1477,(#1481,#1488),.PCURVE_S1.);
#1477 = LINE('',#1478,#1479);
#1478 = CARTESIAN_POINT('',(87.7,31.,-0.2));
#1479 = VECTOR('',#1480,1.);
#1480 = DIRECTION('',(0.,0.,1.));
#1481 = PCURVE('',#531,#1482);
#1482 = DEFINITIONAL_REPRESENTATION('',(#1483),#1487);
#1483 = LINE('',#1484,#1485);
#1484 = CARTESIAN_POINT('',(-6.28318530718,0.));
#1485 = VECTOR('',#1486,1.);
#1486 = DIRECTION('',(-0.,-1.));
#1487 = ( GEOMETRIC_REPRESENTATION_CONTEXT(2) 
PARAMETRIC_REPRESENTATION_CONTEXT() REPRESENTATION_CONTEXT('2D SPACE',''
  ) );
#1488 = PCURVE('',#531,#1489);
#1489 = DEFINITIONAL_REPRESENTATION('',(#1490),#1494);
#1490 = LINE('',#1491,#1492);
#1491 = CARTESIAN_POINT('',(-0.,0.));
#1492 = VECTOR('',#1493,1.);
#1493 = DIRECTION('',(-0.,-1.));
#1494 = ( GEOMETRIC_REPRESENTATION_CONTEXT(2) 
PARAMETRIC_REPRESENTATION_CONTEXT() REPRESENTATION_CONTEXT('2D SPACE',''
  ) );
#1495 = ORIENTED_EDGE('',*,*,#510,.F.);
#1496 = ORIENTED_EDGE('',*,*,#1475,.F.);
#1497 = ADVANCED_FACE('',(#1498),#668,.T.);
#1498 = FACE_BOUND('',#1499,.T.);
#1499 = EDGE_LOOP('',(#1500,#1523,#1524,#1547));
#1500 = ORIENTED_EDGE('',*,*,#1501,.F.);
#1501 = EDGE_CURVE('',#652,#1502,#1504,.T.);
#1502 = VERTEX_POINT('',#1503);
#1503 = CARTESIAN_POINT('',(-53.,-31.,0.4));
#1504 = SURFACE_CURVE('',#1505,(#1509,#1516),.PCURVE_S1.);
#1505 = LINE('',#1506,#1507);
#1506 = CARTESIAN_POINT('',(-53.,-31.,-0.1));
#1507 = VECTOR('',#1508,1.);
#1508 = DIRECTION('',(0.,0.,1.));
#1509 = PCURVE('',#668,#1510);
#1510 = DEFINITIONAL_REPRESENTATION('',(#1511),#1515);
#1511 = LINE('',#1512,#1513);
#1512 = CARTESIAN_POINT('',(0.,28.));
#1513 = VECTOR('',#1514,1.);
#1514 = DIRECTION('',(1.,0.));
#1515 = ( GEOMETRIC_REPRESENTATION_CONTEXT(2) 
PARAMETRIC_REPRESENTATION_CONTEXT() REPRESENTATION_CONTEXT('2D SPACE',''
  ) );
#1516 = PCURVE('',#744,#1517);
#1517 = DEFINITIONAL_REPRESENTATION('',(#1518),#1522);
#1518 = LINE('',#1519,#1520);
#1519 = CARTESIAN_POINT('',(0.,0.));
#1520 = VECTOR('',#1521,1.);
#1521 = DIRECTION('',(1.,0.));
#1522 = ( GEOMETRIC_REPRESENTATION_CONTEXT(2) 
PARAMETRIC_REPRESENTATION_CONTEXT() REPRESENTATION_CONTEXT('2D SPACE',''
  ) );
#1523 = ORIENTED_EDGE('',*,*,#651,.T.);
#1524 = ORIENTED_EDGE('',*,*,#1525,.T.);
#1525 = EDGE_CURVE('',#654,#1526,#1528,.T.);
#1526 = VERTEX_POINT('',#1527);
#1527 = CARTESIAN_POINT('',(-81.,-31.,0.4));
#1528 = SURFACE_CURVE('',#1529,(#1533,#1540),.PCURVE_S1.);
#1529 = LINE('',#1530,#1531);
#1530 = CARTESIAN_POINT('',(-81.,-31.,-0.1));
#1531 = VECTOR('',#1532,1.);
#1532 = DIRECTION('',(0.,0.,1.));
#1533 = PCURVE('',#668,#1534);
#1534 = DEFINITIONAL_REPRESENTATION('',(#1535),#1539);
#1535 = LINE('',#1536,#1537);
#1536 = CARTESIAN_POINT('',(0.,0.));
#1537 = VECTOR('',#1538,1.);
#1538 = DIRECTION('',(1.,0.));
#1539 = ( GEOMETRIC_REPRESENTATION_CONTEXT(2) 
PARAMETRIC_REPRESENTATION_CONTEXT() REPRESENTATION_CONTEXT('2D SPACE',''
  ) );
#1540 = PCURVE('',#694,#1541);
#1541 = DEFINITIONAL_REPRESENTATION('',(#1542),#1546);
#1542 = LINE('',#1543,#1544);
#1543 = CARTESIAN_POINT('',(0.,0.));
#1544 = VECTOR('',#1545,1.);
#1545 = DIRECTION('',(1.,0.));
#1546 = ( GEOMETRIC_REPRESENTATION_CONTEXT(2) 
PARAMETRIC_REPRESENTATION_CONTEXT() REPRESENTATION_CONTEXT('2D SPACE',''
  ) );
#1547 = ORIENTED_EDGE('',*,*,#1548,.T.);
#1548 = EDGE_CURVE('',#1526,#1502,#1549,.T.);
#1549 = SURFACE_CURVE('',#1550,(#1554,#1561),.PCURVE_S1.);
#1550 = LINE('',#1551,#1552);
#1551 = CARTESIAN_POINT('',(-81.,-31.,0.4));
#1552 = VECTOR('',#1553,1.);
#1553 = DIRECTION('',(1.,0.,0.));
#1554 = PCURVE('',#668,#1555);
#1555 = DEFINITIONAL_REPRESENTATION('',(#1556),#1560);
#1556 = LINE('',#1557,#1558);
#1557 = CARTESIAN_POINT('',(0.5,0.));
#1558 = VECTOR('',#1559,1.);
#1559 = DIRECTION('',(0.,1.));
#1560 = ( GEOMETRIC_REPRESENTATION_CONTEXT(2) 
PARAMETRIC_REPRESENTATION_CONTEXT() REPRESENTATION_CONTEXT('2D SPACE',''
  ) );
#1561 = PCURVE('',#1562,#1567);
#1562 = PLANE('',#1563);
#1563 = AXIS2_PLACEMENT_3D('',#1564,#1565,#1566);
#1564 = CARTESIAN_POINT('',(-81.,-31.,0.4));
#1565 = DIRECTION('',(0.,0.,1.));
#1566 = DIRECTION('',(1.,0.,0.));
#1567 = DEFINITIONAL_REPRESENTATION('',(#1568),#1572);
#1568 = LINE('',#1569,#1570);
#1569 = CARTESIAN_POINT('',(0.,0.));
#1570 = VECTOR('',#1571,1.);
#1571 = DIRECTION('',(1.,0.));
#1572 = ( GEOMETRIC_REPRESENTATION_CONTEXT(2) 
PARAMETRIC_REPRESENTATION_CONTEXT() REPRESENTATION_CONTEXT('2D SPACE',''
  ) );
#1573 = ADVANCED_FACE('',(#1574),#744,.F.);
#1574 = FACE_BOUND('',#1575,.F.);
#1575 = EDGE_LOOP('',(#1576,#1577,#1578,#1601));
#1576 = ORIENTED_EDGE('',*,*,#1501,.F.);
#1577 = ORIENTED_EDGE('',*,*,#731,.T.);
#1578 = ORIENTED_EDGE('',*,*,#1579,.T.);
#1579 = EDGE_CURVE('',#706,#1580,#1582,.T.);
#1580 = VERTEX_POINT('',#1581);
#1581 = CARTESIAN_POINT('',(-53.,-19.,0.4));
#1582 = SURFACE_CURVE('',#1583,(#1587,#1594),.PCURVE_S1.);
#1583 = LINE('',#1584,#1585);
#1584 = CARTESIAN_POINT('',(-53.,-19.,-0.1));
#1585 = VECTOR('',#1586,1.);
#1586 = DIRECTION('',(0.,0.,1.));
#1587 = PCURVE('',#744,#1588);
#1588 = DEFINITIONAL_REPRESENTATION('',(#1589),#1593);
#1589 = LINE('',#1590,#1591);
#1590 = CARTESIAN_POINT('',(0.,-12.));
#1591 = VECTOR('',#1592,1.);
#1592 = DIRECTION('',(1.,0.));
#1593 = ( GEOMETRIC_REPRESENTATION_CONTEXT(2) 
PARAMETRIC_REPRESENTATION_CONTEXT() REPRESENTATION_CONTEXT('2D SPACE',''
  ) );
#1594 = PCURVE('',#720,#1595);
#1595 = DEFINITIONAL_REPRESENTATION('',(#1596),#1600);
#1596 = LINE('',#1597,#1598);
#1597 = CARTESIAN_POINT('',(0.,28.));
#1598 = VECTOR('',#1599,1.);
#1599 = DIRECTION('',(1.,0.));
#1600 = ( GEOMETRIC_REPRESENTATION_CONTEXT(2) 
PARAMETRIC_REPRESENTATION_CONTEXT() REPRESENTATION_CONTEXT('2D SPACE',''
  ) );
#1601 = ORIENTED_EDGE('',*,*,#1602,.F.);
#1602 = EDGE_CURVE('',#1502,#1580,#1603,.T.);
#1603 = SURFACE_CURVE('',#1604,(#1608,#1615),.PCURVE_S1.);
#1604 = LINE('',#1605,#1606);
#1605 = CARTESIAN_POINT('',(-53.,-31.,0.4));
#1606 = VECTOR('',#1607,1.);
#1607 = DIRECTION('',(0.,1.,0.));
#1608 = PCURVE('',#744,#1609);
#1609 = DEFINITIONAL_REPRESENTATION('',(#1610),#1614);
#1610 = LINE('',#1611,#1612);
#1611 = CARTESIAN_POINT('',(0.5,0.));
#1612 = VECTOR('',#1613,1.);
#1613 = DIRECTION('',(0.,-1.));
#1614 = ( GEOMETRIC_REPRESENTATION_CONTEXT(2) 
PARAMETRIC_REPRESENTATION_CONTEXT() REPRESENTATION_CONTEXT('2D SPACE',''
  ) );
#1615 = PCURVE('',#1562,#1616);
#1616 = DEFINITIONAL_REPRESENTATION('',(#1617),#1621);
#1617 = LINE('',#1618,#1619);
#1618 = CARTESIAN_POINT('',(28.,0.));
#1619 = VECTOR('',#1620,1.);
#1620 = DIRECTION('',(0.,1.));
#1621 = ( GEOMETRIC_REPRESENTATION_CONTEXT(2) 
PARAMETRIC_REPRESENTATION_CONTEXT() REPRESENTATION_CONTEXT('2D SPACE',''
  ) );
#1622 = ADVANCED_FACE('',(#1623),#694,.T.);
#1623 = FACE_BOUND('',#1624,.T.);
#1624 = EDGE_LOOP('',(#1625,#1626,#1627,#1650));
#1625 = ORIENTED_EDGE('',*,*,#1525,.F.);
#1626 = ORIENTED_EDGE('',*,*,#679,.T.);
#1627 = ORIENTED_EDGE('',*,*,#1628,.T.);
#1628 = EDGE_CURVE('',#680,#1629,#1631,.T.);
#1629 = VERTEX_POINT('',#1630);
#1630 = CARTESIAN_POINT('',(-81.,-19.,0.4));
#1631 = SURFACE_CURVE('',#1632,(#1636,#1643),.PCURVE_S1.);
#1632 = LINE('',#1633,#1634);
#1633 = CARTESIAN_POINT('',(-81.,-19.,-0.1));
#1634 = VECTOR('',#1635,1.);
#1635 = DIRECTION('',(0.,0.,1.));
#1636 = PCURVE('',#694,#1637);
#1637 = DEFINITIONAL_REPRESENTATION('',(#1638),#1642);
#1638 = LINE('',#1639,#1640);
#1639 = CARTESIAN_POINT('',(0.,-12.));
#1640 = VECTOR('',#1641,1.);
#1641 = DIRECTION('',(1.,0.));
#1642 = ( GEOMETRIC_REPRESENTATION_CONTEXT(2) 
PARAMETRIC_REPRESENTATION_CONTEXT() REPRESENTATION_CONTEXT('2D SPACE',''
  ) );
#1643 = PCURVE('',#720,#1644);
#1644 = DEFINITIONAL_REPRESENTATION('',(#1645),#1649);
#1645 = LINE('',#1646,#1647);
#1646 = CARTESIAN_POINT('',(0.,0.));
#1647 = VECTOR('',#1648,1.);
#1648 = DIRECTION('',(1.,0.));
#1649 = ( GEOMETRIC_REPRESENTATION_CONTEXT(2) 
PARAMETRIC_REPRESENTATION_CONTEXT() REPRESENTATION_CONTEXT('2D SPACE',''
  ) );
#1650 = ORIENTED_EDGE('',*,*,#1651,.F.);
#1651 = EDGE_CURVE('',#1526,#1629,#1652,.T.);
#1652 = SURFACE_CURVE('',#1653,(#1657,#1664),.PCURVE_S1.);
#1653 = LINE('',#1654,#1655);
#1654 = CARTESIAN_POINT('',(-81.,-31.,0.4));
#1655 = VECTOR('',#1656,1.);
#1656 = DIRECTION('',(0.,1.,0.));
#1657 = PCURVE('',#694,#1658);
#1658 = DEFINITIONAL_REPRESENTATION('',(#1659),#1663);
#1659 = LINE('',#1660,#1661);
#1660 = CARTESIAN_POINT('',(0.5,0.));
#1661 = VECTOR('',#1662,1.);
#1662 = DIRECTION('',(0.,-1.));
#1663 = ( GEOMETRIC_REPRESENTATION_CONTEXT(2) 
PARAMETRIC_REPRESENTATION_CONTEXT() REPRESENTATION_CONTEXT('2D SPACE',''
  ) );
#1664 = PCURVE('',#1562,#1665);
#1665 = DEFINITIONAL_REPRESENTATION('',(#1666),#1670);
#1666 = LINE('',#1667,#1668);
#1667 = CARTESIAN_POINT('',(0.,0.));
#1668 = VECTOR('',#1669,1.);
#1669 = DIRECTION('',(0.,1.));
#1670 = ( GEOMETRIC_REPRESENTATION_CONTEXT(2) 
PARAMETRIC_REPRESENTATION_CONTEXT() REPRESENTATION_CONTEXT('2D SPACE',''
  ) );
#1671 = ADVANCED_FACE('',(#1672),#720,.F.);
#1672 = FACE_BOUND('',#1673,.F.);
#1673 = EDGE_LOOP('',(#1674,#1675,#1676,#1677));
#1674 = ORIENTED_EDGE('',*,*,#1579,.F.);
#1675 = ORIENTED_EDGE('',*,*,#705,.T.);
#1676 = ORIENTED_EDGE('',*,*,#1628,.T.);
#1677 = ORIENTED_EDGE('',*,*,#1678,.T.);
#1678 = EDGE_CURVE('',#1629,#1580,#1679,.T.);
#1679 = SURFACE_CURVE('',#1680,(#1684,#1691),.PCURVE_S1.);
#1680 = LINE('',#1681,#1682);
#1681 = CARTESIAN_POINT('',(-81.,-19.,0.4));
#1682 = VECTOR('',#1683,1.);
#1683 = DIRECTION('',(1.,0.,0.));
#1684 = PCURVE('',#720,#1685);
#1685 = DEFINITIONAL_REPRESENTATION('',(#1686),#1690);
#1686 = LINE('',#1687,#1688);
#1687 = CARTESIAN_POINT('',(0.5,0.));
#1688 = VECTOR('',#1689,1.);
#1689 = DIRECTION('',(0.,1.));
#1690 = ( GEOMETRIC_REPRESENTATION_CONTEXT(2) 
PARAMETRIC_REPRESENTATION_CONTEXT() REPRESENTATION_CONTEXT('2D SPACE',''
  ) );
#1691 = PCURVE('',#1562,#1692);
#1692 = DEFINITIONAL_REPRESENTATION('',(#1693),#1697);
#1693 = LINE('',#1694,#1695);
#1694 = CARTESIAN_POINT('',(0.,12.));
#1695 = VECTOR('',#1696,1.);
#1696 = DIRECTION('',(1.,0.));
#1697 = ( GEOMETRIC_REPRESENTATION_CONTEXT(2) 
PARAMETRIC_REPRESENTATION_CONTEXT() REPRESENTATION_CONTEXT('2D SPACE',''
  ) );
#1698 = ADVANCED_FACE('',(#1699),#804,.T.);
#1699 = FACE_BOUND('',#1700,.T.);
#1700 = EDGE_LOOP('',(#1701,#1724,#1725,#1748));
#1701 = ORIENTED_EDGE('',*,*,#1702,.F.);
#1702 = EDGE_CURVE('',#788,#1703,#1705,.T.);
#1703 = VERTEX_POINT('',#1704);
#1704 = CARTESIAN_POINT('',(81.,-31.,0.4));
#1705 = SURFACE_CURVE('',#1706,(#1710,#1717),.PCURVE_S1.);
#1706 = LINE('',#1707,#1708);
#1707 = CARTESIAN_POINT('',(81.,-31.,-0.1));
#1708 = VECTOR('',#1709,1.);
#1709 = DIRECTION('',(0.,0.,1.));
#1710 = PCURVE('',#804,#1711);
#1711 = DEFINITIONAL_REPRESENTATION('',(#1712),#1716);
#1712 = LINE('',#1713,#1714);
#1713 = CARTESIAN_POINT('',(0.,28.));
#1714 = VECTOR('',#1715,1.);
#1715 = DIRECTION('',(1.,0.));
#1716 = ( GEOMETRIC_REPRESENTATION_CONTEXT(2) 
PARAMETRIC_REPRESENTATION_CONTEXT() REPRESENTATION_CONTEXT('2D SPACE',''
  ) );
#1717 = PCURVE('',#880,#1718);
#1718 = DEFINITIONAL_REPRESENTATION('',(#1719),#1723);
#1719 = LINE('',#1720,#1721);
#1720 = CARTESIAN_POINT('',(0.,0.));
#1721 = VECTOR('',#1722,1.);
#1722 = DIRECTION('',(1.,0.));
#1723 = ( GEOMETRIC_REPRESENTATION_CONTEXT(2) 
PARAMETRIC_REPRESENTATION_CONTEXT() REPRESENTATION_CONTEXT('2D SPACE',''
  ) );
#1724 = ORIENTED_EDGE('',*,*,#787,.T.);
#1725 = ORIENTED_EDGE('',*,*,#1726,.T.);
#1726 = EDGE_CURVE('',#790,#1727,#1729,.T.);
#1727 = VERTEX_POINT('',#1728);
#1728 = CARTESIAN_POINT('',(53.,-31.,0.4));
#1729 = SURFACE_CURVE('',#1730,(#1734,#1741),.PCURVE_S1.);
#1730 = LINE('',#1731,#1732);
#1731 = CARTESIAN_POINT('',(53.,-31.,-0.1));
#1732 = VECTOR('',#1733,1.);
#1733 = DIRECTION('',(0.,0.,1.));
#1734 = PCURVE('',#804,#1735);
#1735 = DEFINITIONAL_REPRESENTATION('',(#1736),#1740);
#1736 = LINE('',#1737,#1738);
#1737 = CARTESIAN_POINT('',(0.,0.));
#1738 = VECTOR('',#1739,1.);
#1739 = DIRECTION('',(1.,0.));
#1740 = ( GEOMETRIC_REPRESENTATION_CONTEXT(2) 
PARAMETRIC_REPRESENTATION_CONTEXT() REPRESENTATION_CONTEXT('2D SPACE',''
  ) );
#1741 = PCURVE('',#830,#1742);
#1742 = DEFINITIONAL_REPRESENTATION('',(#1743),#1747);
#1743 = LINE('',#1744,#1745);
#1744 = CARTESIAN_POINT('',(0.,0.));
#1745 = VECTOR('',#1746,1.);
#1746 = DIRECTION('',(1.,0.));
#1747 = ( GEOMETRIC_REPRESENTATION_CONTEXT(2) 
PARAMETRIC_REPRESENTATION_CONTEXT() REPRESENTATION_CONTEXT('2D SPACE',''
  ) );
#1748 = ORIENTED_EDGE('',*,*,#1749,.T.);
#1749 = EDGE_CURVE('',#1727,#1703,#1750,.T.);
#1750 = SURFACE_CURVE('',#1751,(#1755,#1762),.PCURVE_S1.);
#1751 = LINE('',#1752,#1753);
#1752 = CARTESIAN_POINT('',(53.,-31.,0.4));
#1753 = VECTOR('',#1754,1.);
#1754 = DIRECTION('',(1.,0.,0.));
#1755 = PCURVE('',#804,#1756);
#1756 = DEFINITIONAL_REPRESENTATION('',(#1757),#1761);
#1757 = LINE('',#1758,#1759);
#1758 = CARTESIAN_POINT('',(0.5,0.));
#1759 = VECTOR('',#1760,1.);
#1760 = DIRECTION('',(0.,1.));
#1761 = ( GEOMETRIC_REPRESENTATION_CONTEXT(2) 
PARAMETRIC_REPRESENTATION_CONTEXT() REPRESENTATION_CONTEXT('2D SPACE',''
  ) );
#1762 = PCURVE('',#1763,#1768);
#1763 = PLANE('',#1764);
#1764 = AXIS2_PLACEMENT_3D('',#1765,#1766,#1767);
#1765 = CARTESIAN_POINT('',(53.,-31.,0.4));
#1766 = DIRECTION('',(0.,0.,1.));
#1767 = DIRECTION('',(1.,0.,0.));
#1768 = DEFINITIONAL_REPRESENTATION('',(#1769),#1773);
#1769 = LINE('',#1770,#1771);
#1770 = CARTESIAN_POINT('',(0.,0.));
#1771 = VECTOR('',#1772,1.);
#1772 = DIRECTION('',(1.,0.));
#1773 = ( GEOMETRIC_REPRESENTATION_CONTEXT(2) 
PARAMETRIC_REPRESENTATION_CONTEXT() REPRESENTATION_CONTEXT('2D SPACE',''
  ) );
#1774 = ADVANCED_FACE('',(#1775),#880,.F.);
#1775 = FACE_BOUND('',#1776,.F.);
#1776 = EDGE_LOOP('',(#1777,#1778,#1779,#1802));
#1777 = ORIENTED_EDGE('',*,*,#1702,.F.);
#1778 = ORIENTED_EDGE('',*,*,#867,.T.);
#1779 = ORIENTED_EDGE('',*,*,#1780,.T.);
#1780 = EDGE_CURVE('',#842,#1781,#1783,.T.);
#1781 = VERTEX_POINT('',#1782);
#1782 = CARTESIAN_POINT('',(81.,-19.,0.4));
#1783 = SURFACE_CURVE('',#1784,(#1788,#1795),.PCURVE_S1.);
#1784 = LINE('',#1785,#1786);
#1785 = CARTESIAN_POINT('',(81.,-19.,-0.1));
#1786 = VECTOR('',#1787,1.);
#1787 = DIRECTION('',(0.,0.,1.));
#1788 = PCURVE('',#880,#1789);
#1789 = DEFINITIONAL_REPRESENTATION('',(#1790),#1794);
#1790 = LINE('',#1791,#1792);
#1791 = CARTESIAN_POINT('',(0.,-12.));
#1792 = VECTOR('',#1793,1.);
#1793 = DIRECTION('',(1.,0.));
#1794 = ( GEOMETRIC_REPRESENTATION_CONTEXT(2) 
PARAMETRIC_REPRESENTATION_CONTEXT() REPRESENTATION_CONTEXT('2D SPACE',''
  ) );
#1795 = PCURVE('',#856,#1796);
#1796 = DEFINITIONAL_REPRESENTATION('',(#1797),#1801);
#1797 = LINE('',#1798,#1799);
#1798 = CARTESIAN_POINT('',(0.,28.));
#1799 = VECTOR('',#1800,1.);
#1800 = DIRECTION('',(1.,0.));
#1801 = ( GEOMETRIC_REPRESENTATION_CONTEXT(2) 
PARAMETRIC_REPRESENTATION_CONTEXT() REPRESENTATION_CONTEXT('2D SPACE',''
  ) );
#1802 = ORIENTED_EDGE('',*,*,#1803,.F.);
#1803 = EDGE_CURVE('',#1703,#1781,#1804,.T.);
#1804 = SURFACE_CURVE('',#1805,(#1809,#1816),.PCURVE_S1.);
#1805 = LINE('',#1806,#1807);
#1806 = CARTESIAN_POINT('',(81.,-31.,0.4));
#1807 = VECTOR('',#1808,1.);
#1808 = DIRECTION('',(0.,1.,0.));
#1809 = PCURVE('',#880,#1810);
#1810 = DEFINITIONAL_REPRESENTATION('',(#1811),#1815);
#1811 = LINE('',#1812,#1813);
#1812 = CARTESIAN_POINT('',(0.5,0.));
#1813 = VECTOR('',#1814,1.);
#1814 = DIRECTION('',(0.,-1.));
#1815 = ( GEOMETRIC_REPRESENTATION_CONTEXT(2) 
PARAMETRIC_REPRESENTATION_CONTEXT() REPRESENTATION_CONTEXT('2D SPACE',''
  ) );
#1816 = PCURVE('',#1763,#1817);
#1817 = DEFINITIONAL_REPRESENTATION('',(#1818),#1822);
#1818 = LINE('',#1819,#1820);
#1819 = CARTESIAN_POINT('',(28.,0.));
#1820 = VECTOR('',#1821,1.);
#1821 = DIRECTION('',(0.,1.));
#1822 = ( GEOMETRIC_REPRESENTATION_CONTEXT(2) 
PARAMETRIC_REPRESENTATION_CONTEXT() REPRESENTATION_CONTEXT('2D SPACE',''
  ) );
#1823 = ADVANCED_FACE('',(#1824),#830,.T.);
#1824 = FACE_BOUND('',#1825,.T.);
#1825 = EDGE_LOOP('',(#1826,#1827,#1828,#1851));
#1826 = ORIENTED_EDGE('',*,*,#1726,.F.);
#1827 = ORIENTED_EDGE('',*,*,#815,.T.);
#1828 = ORIENTED_EDGE('',*,*,#1829,.T.);
#1829 = EDGE_CURVE('',#816,#1830,#1832,.T.);
#1830 = VERTEX_POINT('',#1831);
#1831 = CARTESIAN_POINT('',(53.,-19.,0.4));
#1832 = SURFACE_CURVE('',#1833,(#1837,#1844),.PCURVE_S1.);
#1833 = LINE('',#1834,#1835);
#1834 = CARTESIAN_POINT('',(53.,-19.,-0.1));
#1835 = VECTOR('',#1836,1.);
#1836 = DIRECTION('',(0.,0.,1.));
#1837 = PCURVE('',#830,#1838);
#1838 = DEFINITIONAL_REPRESENTATION('',(#1839),#1843);
#1839 = LINE('',#1840,#1841);
#1840 = CARTESIAN_POINT('',(0.,-12.));
#1841 = VECTOR('',#1842,1.);
#1842 = DIRECTION('',(1.,0.));
#1843 = ( GEOMETRIC_REPRESENTATION_CONTEXT(2) 
PARAMETRIC_REPRESENTATION_CONTEXT() REPRESENTATION_CONTEXT('2D SPACE',''
  ) );
#1844 = PCURVE('',#856,#1845);
#1845 = DEFINITIONAL_REPRESENTATION('',(#1846),#1850);
#1846 = LINE('',#1847,#1848);
#1847 = CARTESIAN_POINT('',(0.,0.));
#1848 = VECTOR('',#1849,1.);
#1849 = DIRECTION('',(1.,0.));
#1850 = ( GEOMETRIC_REPRESENTATION_CONTEXT(2) 
PARAMETRIC_REPRESENTATION_CONTEXT() REPRESENTATION_CONTEXT('2D SPACE',''
  ) );
#1851 = ORIENTED_EDGE('',*,*,#1852,.F.);
#1852 = EDGE_CURVE('',#1727,#1830,#1853,.T.);
#1853 = SURFACE_CURVE('',#1854,(#1858,#1865),.PCURVE_S1.);
#1854 = LINE('',#1855,#1856);
#1855 = CARTESIAN_POINT('',(53.,-31.,0.4));
#1856 = VECTOR('',#1857,1.);
#1857 = DIRECTION('',(0.,1.,0.));
#1858 = PCURVE('',#830,#1859);
#1859 = DEFINITIONAL_REPRESENTATION('',(#1860),#1864);
#1860 = LINE('',#1861,#1862);
#1861 = CARTESIAN_POINT('',(0.5,0.));
#1862 = VECTOR('',#1863,1.);
#1863 = DIRECTION('',(0.,-1.));
#1864 = ( GEOMETRIC_REPRESENTATION_CONTEXT(2) 
PARAMETRIC_REPRESENTATION_CONTEXT() REPRESENTATION_CONTEXT('2D SPACE',''
  ) );
#1865 = PCURVE('',#1763,#1866);
#1866 = DEFINITIONAL_REPRESENTATION('',(#1867),#1871);
#1867 = LINE('',#1868,#1869);
#1868 = CARTESIAN_POINT('',(0.,0.));
#1869 = VECTOR('',#1870,1.);
#1870 = DIRECTION('',(0.,1.));
#1871 = ( GEOMETRIC_REPRESENTATION_CONTEXT(2) 
PARAMETRIC_REPRESENTATION_CONTEXT() REPRESENTATION_CONTEXT('2D SPACE',''
  ) );
#1872 = ADVANCED_FACE('',(#1873),#856,.F.);
#1873 = FACE_BOUND('',#1874,.F.);
#1874 = EDGE_LOOP('',(#1875,#1876,#1877,#1878));
#1875 = ORIENTED_EDGE('',*,*,#1780,.F.);
#1876 = ORIENTED_EDGE('',*,*,#841,.T.);
#1877 = ORIENTED_EDGE('',*,*,#1829,.T.);
#1878 = ORIENTED_EDGE('',*,*,#1879,.T.);
#1879 = EDGE_CURVE('',#1830,#1781,#1880,.T.);
#1880 = SURFACE_CURVE('',#1881,(#1885,#1892),.PCURVE_S1.);
#1881 = LINE('',#1882,#1883);
#1882 = CARTESIAN_POINT('',(53.,-19.,0.4));
#1883 = VECTOR('',#1884,1.);
#1884 = DIRECTION('',(1.,0.,0.));
#1885 = PCURVE('',#856,#1886);
#1886 = DEFINITIONAL_REPRESENTATION('',(#1887),#1891);
#1887 = LINE('',#1888,#1889);
#1888 = CARTESIAN_POINT('',(0.5,0.));
#1889 = VECTOR('',#1890,1.);
#1890 = DIRECTION('',(0.,1.));
#1891 = ( GEOMETRIC_REPRESENTATION_CONTEXT(2) 
PARAMETRIC_REPRESENTATION_CONTEXT() REPRESENTATION_CONTEXT('2D SPACE',''
  ) );
#1892 = PCURVE('',#1763,#1893);
#1893 = DEFINITIONAL_REPRESENTATION('',(#1894),#1898);
#1894 = LINE('',#1895,#1896);
#1895 = CARTESIAN_POINT('',(0.,12.));
#1896 = VECTOR('',#1897,1.);
#1897 = DIRECTION('',(1.,0.));
#1898 = ( GEOMETRIC_REPRESENTATION_CONTEXT(2) 
PARAMETRIC_REPRESENTATION_CONTEXT() REPRESENTATION_CONTEXT('2D SPACE',''
  ) );
#1899 = ADVANCED_FACE('',(#1900),#910,.T.);
#1900 = FACE_BOUND('',#1901,.T.);
#1901 = EDGE_LOOP('',(#1902,#1925,#1926,#1949));
#1902 = ORIENTED_EDGE('',*,*,#1903,.F.);
#1903 = EDGE_CURVE('',#894,#1904,#1906,.T.);
#1904 = VERTEX_POINT('',#1905);
#1905 = CARTESIAN_POINT('',(-53.,19.,0.4));
#1906 = SURFACE_CURVE('',#1907,(#1911,#1918),.PCURVE_S1.);
#1907 = LINE('',#1908,#1909);
#1908 = CARTESIAN_POINT('',(-53.,19.,-0.1));
#1909 = VECTOR('',#1910,1.);
#1910 = DIRECTION('',(0.,0.,1.));
#1911 = PCURVE('',#910,#1912);
#1912 = DEFINITIONAL_REPRESENTATION('',(#1913),#1917);
#1913 = LINE('',#1914,#1915);
#1914 = CARTESIAN_POINT('',(0.,28.));
#1915 = VECTOR('',#1916,1.);
#1916 = DIRECTION('',(1.,0.));
#1917 = ( GEOMETRIC_REPRESENTATION_CONTEXT(2) 
PARAMETRIC_REPRESENTATION_CONTEXT() REPRESENTATION_CONTEXT('2D SPACE',''
  ) );
#1918 = PCURVE('',#986,#1919);
#1919 = DEFINITIONAL_REPRESENTATION('',(#1920),#1924);
#1920 = LINE('',#1921,#1922);
#1921 = CARTESIAN_POINT('',(0.,0.));
#1922 = VECTOR('',#1923,1.);
#1923 = DIRECTION('',(1.,0.));
#1924 = ( GEOMETRIC_REPRESENTATION_CONTEXT(2) 
PARAMETRIC_REPRESENTATION_CONTEXT() REPRESENTATION_CONTEXT('2D SPACE',''
  ) );
#1925 = ORIENTED_EDGE('',*,*,#893,.T.);
#1926 = ORIENTED_EDGE('',*,*,#1927,.T.);
#1927 = EDGE_CURVE('',#896,#1928,#1930,.T.);
#1928 = VERTEX_POINT('',#1929);
#1929 = CARTESIAN_POINT('',(-81.,19.,0.4));
#1930 = SURFACE_CURVE('',#1931,(#1935,#1942),.PCURVE_S1.);
#1931 = LINE('',#1932,#1933);
#1932 = CARTESIAN_POINT('',(-81.,19.,-0.1));
#1933 = VECTOR('',#1934,1.);
#1934 = DIRECTION('',(0.,0.,1.));
#1935 = PCURVE('',#910,#1936);
#1936 = DEFINITIONAL_REPRESENTATION('',(#1937),#1941);
#1937 = LINE('',#1938,#1939);
#1938 = CARTESIAN_POINT('',(0.,0.));
#1939 = VECTOR('',#1940,1.);
#1940 = DIRECTION('',(1.,0.));
#1941 = ( GEOMETRIC_REPRESENTATION_CONTEXT(2) 
PARAMETRIC_REPRESENTATION_CONTEXT() REPRESENTATION_CONTEXT('2D SPACE',''
  ) );
#1942 = PCURVE('',#936,#1943);
#1943 = DEFINITIONAL_REPRESENTATION('',(#1944),#1948);
#1944 = LINE('',#1945,#1946);
#1945 = CARTESIAN_POINT('',(0.,0.));
#1946 = VECTOR('',#1947,1.);
#1947 = DIRECTION('',(1.,0.));
#1948 = ( GEOMETRIC_REPRESENTATION_CONTEXT(2) 
PARAMETRIC_REPRESENTATION_CONTEXT() REPRESENTATION_CONTEXT('2D SPACE',''
  ) );
#1949 = ORIENTED_EDGE('',*,*,#1950,.T.);
#1950 = EDGE_CURVE('',#1928,#1904,#1951,.T.);
#1951 = SURFACE_CURVE('',#1952,(#1956,#1963),.PCURVE_S1.);
#1952 = LINE('',#1953,#1954);
#1953 = CARTESIAN_POINT('',(-81.,19.,0.4));
#1954 = VECTOR('',#1955,1.);
#1955 = DIRECTION('',(1.,0.,0.));
#1956 = PCURVE('',#910,#1957);
#1957 = DEFINITIONAL_REPRESENTATION('',(#1958),#1962);
#1958 = LINE('',#1959,#1960);
#1959 = CARTESIAN_POINT('',(0.5,0.));
#1960 = VECTOR('',#1961,1.);
#1961 = DIRECTION('',(0.,1.));
#1962 = ( GEOMETRIC_REPRESENTATION_CONTEXT(2) 
PARAMETRIC_REPRESENTATION_CONTEXT() REPRESENTATION_CONTEXT('2D SPACE',''
  ) );
#1963 = PCURVE('',#1964,#1969);
#1964 = PLANE('',#1965);
#1965 = AXIS2_PLACEMENT_3D('',#1966,#1967,#1968);
#1966 = CARTESIAN_POINT('',(-81.,19.,0.4));
#1967 = DIRECTION('',(0.,0.,1.));
#1968 = DIRECTION('',(1.,0.,0.));
#1969 = DEFINITIONAL_REPRESENTATION('',(#1970),#1974);
#1970 = LINE('',#1971,#1972);
#1971 = CARTESIAN_POINT('',(0.,0.));
#1972 = VECTOR('',#1973,1.);
#1973 = DIRECTION('',(1.,0.));
#1974 = ( GEOMETRIC_REPRESENTATION_CONTEXT(2) 
PARAMETRIC_REPRESENTATION_CONTEXT() REPRESENTATION_CONTEXT('2D SPACE',''
  ) );
#1975 = ADVANCED_FACE('',(#1976),#986,.F.);
#1976 = FACE_BOUND('',#1977,.F.);
#1977 = EDGE_LOOP('',(#1978,#1979,#1980,#2003));
#1978 = ORIENTED_EDGE('',*,*,#1903,.F.);
#1979 = ORIENTED_EDGE('',*,*,#973,.T.);
#1980 = ORIENTED_EDGE('',*,*,#1981,.T.);
#1981 = EDGE_CURVE('',#948,#1982,#1984,.T.);
#1982 = VERTEX_POINT('',#1983);
#1983 = CARTESIAN_POINT('',(-53.,31.,0.4));
#1984 = SURFACE_CURVE('',#1985,(#1989,#1996),.PCURVE_S1.);
#1985 = LINE('',#1986,#1987);
#1986 = CARTESIAN_POINT('',(-53.,31.,-0.1));
#1987 = VECTOR('',#1988,1.);
#1988 = DIRECTION('',(0.,0.,1.));
#1989 = PCURVE('',#986,#1990);
#1990 = DEFINITIONAL_REPRESENTATION('',(#1991),#1995);
#1991 = LINE('',#1992,#1993);
#1992 = CARTESIAN_POINT('',(0.,-12.));
#1993 = VECTOR('',#1994,1.);
#1994 = DIRECTION('',(1.,0.));
#1995 = ( GEOMETRIC_REPRESENTATION_CONTEXT(2) 
PARAMETRIC_REPRESENTATION_CONTEXT() REPRESENTATION_CONTEXT('2D SPACE',''
  ) );
#1996 = PCURVE('',#962,#1997);
#1997 = DEFINITIONAL_REPRESENTATION('',(#1998),#2002);
#1998 = LINE('',#1999,#2000);
#1999 = CARTESIAN_POINT('',(0.,28.));
#2000 = VECTOR('',#2001,1.);
#2001 = DIRECTION('',(1.,0.));
#2002 = ( GEOMETRIC_REPRESENTATION_CONTEXT(2) 
PARAMETRIC_REPRESENTATION_CONTEXT() REPRESENTATION_CONTEXT('2D SPACE',''
  ) );
#2003 = ORIENTED_EDGE('',*,*,#2004,.F.);
#2004 = EDGE_CURVE('',#1904,#1982,#2005,.T.);
#2005 = SURFACE_CURVE('',#2006,(#2010,#2017),.PCURVE_S1.);
#2006 = LINE('',#2007,#2008);
#2007 = CARTESIAN_POINT('',(-53.,19.,0.4));
#2008 = VECTOR('',#2009,1.);
#2009 = DIRECTION('',(0.,1.,0.));
#2010 = PCURVE('',#986,#2011);
#2011 = DEFINITIONAL_REPRESENTATION('',(#2012),#2016);
#2012 = LINE('',#2013,#2014);
#2013 = CARTESIAN_POINT('',(0.5,0.));
#2014 = VECTOR('',#2015,1.);
#2015 = DIRECTION('',(0.,-1.));
#2016 = ( GEOMETRIC_REPRESENTATION_CONTEXT(2) 
PARAMETRIC_REPRESENTATION_CONTEXT() REPRESENTATION_CONTEXT('2D SPACE',''
  ) );
#2017 = PCURVE('',#1964,#2018);
#2018 = DEFINITIONAL_REPRESENTATION('',(#2019),#2023);
#2019 = LINE('',#2020,#2021);
#2020 = CARTESIAN_POINT('',(28.,0.));
#2021 = VECTOR('',#2022,1.);
#2022 = DIRECTION('',(0.,1.));
#2023 = ( GEOMETRIC_REPRESENTATION_CONTEXT(2) 
PARAMETRIC_REPRESENTATION_CONTEXT() REPRESENTATION_CONTEXT('2D SPACE',''
  ) );
#2024 = ADVANCED_FACE('',(#2025),#936,.T.);
#2025 = FACE_BOUND('',#2026,.T.);
#2026 = EDGE_LOOP('',(#2027,#2028,#2029,#2052));
#2027 = ORIENTED_EDGE('',*,*,#1927,.F.);
#2028 = ORIENTED_EDGE('',*,*,#921,.T.);
#2029 = ORIENTED_EDGE('',*,*,#2030,.T.);
#2030 = EDGE_CURVE('',#922,#2031,#2033,.T.);
#2031 = VERTEX_POINT('',#2032);
#2032 = CARTESIAN_POINT('',(-81.,31.,0.4));
#2033 = SURFACE_CURVE('',#2034,(#2038,#2045),.PCURVE_S1.);
#2034 = LINE('',#2035,#2036);
#2035 = CARTESIAN_POINT('',(-81.,31.,-0.1));
#2036 = VECTOR('',#2037,1.);
#2037 = DIRECTION('',(0.,0.,1.));
#2038 = PCURVE('',#936,#2039);
#2039 = DEFINITIONAL_REPRESENTATION('',(#2040),#2044);
#2040 = LINE('',#2041,#2042);
#2041 = CARTESIAN_POINT('',(0.,-12.));
#2042 = VECTOR('',#2043,1.);
#2043 = DIRECTION('',(1.,0.));
#2044 = ( GEOMETRIC_REPRESENTATION_CONTEXT(2) 
PARAMETRIC_REPRESENTATION_CONTEXT() REPRESENTATION_CONTEXT('2D SPACE',''
  ) );
#2045 = PCURVE('',#962,#2046);
#2046 = DEFINITIONAL_REPRESENTATION('',(#2047),#2051);
#2047 = LINE('',#2048,#2049);
#2048 = CARTESIAN_POINT('',(0.,0.));
#2049 = VECTOR('',#2050,1.);
#2050 = DIRECTION('',(1.,0.));
#2051 = ( GEOMETRIC_REPRESENTATION_CONTEXT(2) 
PARAMETRIC_REPRESENTATION_CONTEXT() REPRESENTATION_CONTEXT('2D SPACE',''
  ) );
#2052 = ORIENTED_EDGE('',*,*,#2053,.F.);
#2053 = EDGE_CURVE('',#1928,#2031,#2054,.T.);
#2054 = SURFACE_CURVE('',#2055,(#2059,#2066),.PCURVE_S1.);
#2055 = LINE('',#2056,#2057);
#2056 = CARTESIAN_POINT('',(-81.,19.,0.4));
#2057 = VECTOR('',#2058,1.);
#2058 = DIRECTION('',(0.,1.,0.));
#2059 = PCURVE('',#936,#2060);
#2060 = DEFINITIONAL_REPRESENTATION('',(#2061),#2065);
#2061 = LINE('',#2062,#2063);
#2062 = CARTESIAN_POINT('',(0.5,0.));
#2063 = VECTOR('',#2064,1.);
#2064 = DIRECTION('',(0.,-1.));
#2065 = ( GEOMETRIC_REPRESENTATION_CONTEXT(2) 
PARAMETRIC_REPRESENTATION_CONTEXT() REPRESENTATION_CONTEXT('2D SPACE',''
  ) );
#2066 = PCURVE('',#1964,#2067);
#2067 = DEFINITIONAL_REPRESENTATION('',(#2068),#2072);
#2068 = LINE('',#2069,#2070);
#2069 = CARTESIAN_POINT('',(0.,0.));
#2070 = VECTOR('',#2071,1.);
#2071 = DIRECTION('',(0.,1.));
#2072 = ( GEOMETRIC_REPRESENTATION_CONTEXT(2) 
PARAMETRIC_REPRESENTATION_CONTEXT() REPRESENTATION_CONTEXT('2D SPACE',''
  ) );
#2073 = ADVANCED_FACE('',(#2074),#962,.F.);
#2074 = FACE_BOUND('',#2075,.F.);
#2075 = EDGE_LOOP('',(#2076,#2077,#2078,#2079));
#2076 = ORIENTED_EDGE('',*,*,#1981,.F.);
#2077 = ORIENTED_EDGE('',*,*,#947,.T.);
#2078 = ORIENTED_EDGE('',*,*,#2030,.T.);
#2079 = ORIENTED_EDGE('',*,*,#2080,.T.);
#2080 = EDGE_CURVE('',#2031,#1982,#2081,.T.);
#2081 = SURFACE_CURVE('',#2082,(#2086,#2093),.PCURVE_S1.);
#2082 = LINE('',#2083,#2084);
#2083 = CARTESIAN_POINT('',(-81.,31.,0.4));
#2084 = VECTOR('',#2085,1.);
#2085 = DIRECTION('',(1.,0.,0.));
#2086 = PCURVE('',#962,#2087);
#2087 = DEFINITIONAL_REPRESENTATION('',(#2088),#2092);
#2088 = LINE('',#2089,#2090);
#2089 = CARTESIAN_POINT('',(0.5,0.));
#2090 = VECTOR('',#2091,1.);
#2091 = DIRECTION('',(0.,1.));
#2092 = ( GEOMETRIC_REPRESENTATION_CONTEXT(2) 
PARAMETRIC_REPRESENTATION_CONTEXT() REPRESENTATION_CONTEXT('2D SPACE',''
  ) );
#2093 = PCURVE('',#1964,#2094);
#2094 = DEFINITIONAL_REPRESENTATION('',(#2095),#2099);
#2095 = LINE('',#2096,#2097);
#2096 = CARTESIAN_POINT('',(0.,12.));
#2097 = VECTOR('',#2098,1.);
#2098 = DIRECTION('',(1.,0.));
#2099 = ( GEOMETRIC_REPRESENTATION_CONTEXT(2) 
PARAMETRIC_REPRESENTATION_CONTEXT() REPRESENTATION_CONTEXT('2D SPACE',''
  ) );
#2100 = ADVANCED_FACE('',(#2101),#1046,.T.);
#2101 = FACE_BOUND('',#2102,.T.);
#2102 = EDGE_LOOP('',(#2103,#2126,#2127,#2150));
#2103 = ORIENTED_EDGE('',*,*,#2104,.F.);
#2104 = EDGE_CURVE('',#1030,#2105,#2107,.T.);
#2105 = VERTEX_POINT('',#2106);
#2106 = CARTESIAN_POINT('',(81.,19.,0.4));
#2107 = SURFACE_CURVE('',#2108,(#2112,#2119),.PCURVE_S1.);
#2108 = LINE('',#2109,#2110);
#2109 = CARTESIAN_POINT('',(81.,19.,-0.1));
#2110 = VECTOR('',#2111,1.);
#2111 = DIRECTION('',(0.,0.,1.));
#2112 = PCURVE('',#1046,#2113);
#2113 = DEFINITIONAL_REPRESENTATION('',(#2114),#2118);
#2114 = LINE('',#2115,#2116);
#2115 = CARTESIAN_POINT('',(0.,28.));
#2116 = VECTOR('',#2117,1.);
#2117 = DIRECTION('',(1.,0.));
#2118 = ( GEOMETRIC_REPRESENTATION_CONTEXT(2) 
PARAMETRIC_REPRESENTATION_CONTEXT() REPRESENTATION_CONTEXT('2D SPACE',''
  ) );
#2119 = PCURVE('',#1122,#2120);
#2120 = DEFINITIONAL_REPRESENTATION('',(#2121),#2125);
#2121 = LINE('',#2122,#2123);
#2122 = CARTESIAN_POINT('',(0.,0.));
#2123 = VECTOR('',#2124,1.);
#2124 = DIRECTION('',(1.,0.));
#2125 = ( GEOMETRIC_REPRESENTATION_CONTEXT(2) 
PARAMETRIC_REPRESENTATION_CONTEXT() REPRESENTATION_CONTEXT('2D SPACE',''
  ) );
#2126 = ORIENTED_EDGE('',*,*,#1029,.T.);
#2127 = ORIENTED_EDGE('',*,*,#2128,.T.);
#2128 = EDGE_CURVE('',#1032,#2129,#2131,.T.);
#2129 = VERTEX_POINT('',#2130);
#2130 = CARTESIAN_POINT('',(53.,19.,0.4));
#2131 = SURFACE_CURVE('',#2132,(#2136,#2143),.PCURVE_S1.);
#2132 = LINE('',#2133,#2134);
#2133 = CARTESIAN_POINT('',(53.,19.,-0.1));
#2134 = VECTOR('',#2135,1.);
#2135 = DIRECTION('',(0.,0.,1.));
#2136 = PCURVE('',#1046,#2137);
#2137 = DEFINITIONAL_REPRESENTATION('',(#2138),#2142);
#2138 = LINE('',#2139,#2140);
#2139 = CARTESIAN_POINT('',(0.,0.));
#2140 = VECTOR('',#2141,1.);
#2141 = DIRECTION('',(1.,0.));
#2142 = ( GEOMETRIC_REPRESENTATION_CONTEXT(2) 
PARAMETRIC_REPRESENTATION_CONTEXT() REPRESENTATION_CONTEXT('2D SPACE',''
  ) );
#2143 = PCURVE('',#1072,#2144);
#2144 = DEFINITIONAL_REPRESENTATION('',(#2145),#2149);
#2145 = LINE('',#2146,#2147);
#2146 = CARTESIAN_POINT('',(0.,0.));
#2147 = VECTOR('',#2148,1.);
#2148 = DIRECTION('',(1.,0.));
#2149 = ( GEOMETRIC_REPRESENTATION_CONTEXT(2) 
PARAMETRIC_REPRESENTATION_CONTEXT() REPRESENTATION_CONTEXT('2D SPACE',''
  ) );
#2150 = ORIENTED_EDGE('',*,*,#2151,.T.);
#2151 = EDGE_CURVE('',#2129,#2105,#2152,.T.);
#2152 = SURFACE_CURVE('',#2153,(#2157,#2164),.PCURVE_S1.);
#2153 = LINE('',#2154,#2155);
#2154 = CARTESIAN_POINT('',(53.,19.,0.4));
#2155 = VECTOR('',#2156,1.);
#2156 = DIRECTION('',(1.,0.,0.));
#2157 = PCURVE('',#1046,#2158);
#2158 = DEFINITIONAL_REPRESENTATION('',(#2159),#2163);
#2159 = LINE('',#2160,#2161);
#2160 = CARTESIAN_POINT('',(0.5,0.));
#2161 = VECTOR('',#2162,1.);
#2162 = DIRECTION('',(0.,1.));
#2163 = ( GEOMETRIC_REPRESENTATION_CONTEXT(2) 
PARAMETRIC_REPRESENTATION_CONTEXT() REPRESENTATION_CONTEXT('2D SPACE',''
  ) );
#2164 = PCURVE('',#2165,#2170);
#2165 = PLANE('',#2166);
#2166 = AXIS2_PLACEMENT_3D('',#2167,#2168,#2169);
#2167 = CARTESIAN_POINT('',(53.,19.,0.4));
#2168 = DIRECTION('',(0.,0.,1.));
#2169 = DIRECTION('',(1.,0.,0.));
#2170 = DEFINITIONAL_REPRESENTATION('',(#2171),#2175);
#2171 = LINE('',#2172,#2173);
#2172 = CARTESIAN_POINT('',(0.,0.));
#2173 = VECTOR('',#2174,1.);
#2174 = DIRECTION('',(1.,0.));
#2175 = ( GEOMETRIC_REPRESENTATION_CONTEXT(2) 
PARAMETRIC_REPRESENTATION_CONTEXT() REPRESENTATION_CONTEXT('2D SPACE',''
  ) );
#2176 = ADVANCED_FACE('',(#2177),#1122,.F.);
#2177 = FACE_BOUND('',#2178,.F.);
#2178 = EDGE_LOOP('',(#2179,#2180,#2181,#2204));
#2179 = ORIENTED_EDGE('',*,*,#2104,.F.);
#2180 = ORIENTED_EDGE('',*,*,#1109,.T.);
#2181 = ORIENTED_EDGE('',*,*,#2182,.T.);
#2182 = EDGE_CURVE('',#1084,#2183,#2185,.T.);
#2183 = VERTEX_POINT('',#2184);
#2184 = CARTESIAN_POINT('',(81.,31.,0.4));
#2185 = SURFACE_CURVE('',#2186,(#2190,#2197),.PCURVE_S1.);
#2186 = LINE('',#2187,#2188);
#2187 = CARTESIAN_POINT('',(81.,31.,-0.1));
#2188 = VECTOR('',#2189,1.);
#2189 = DIRECTION('',(0.,0.,1.));
#2190 = PCURVE('',#1122,#2191);
#2191 = DEFINITIONAL_REPRESENTATION('',(#2192),#2196);
#2192 = LINE('',#2193,#2194);
#2193 = CARTESIAN_POINT('',(0.,-12.));
#2194 = VECTOR('',#2195,1.);
#2195 = DIRECTION('',(1.,0.));
#2196 = ( GEOMETRIC_REPRESENTATION_CONTEXT(2) 
PARAMETRIC_REPRESENTATION_CONTEXT() REPRESENTATION_CONTEXT('2D SPACE',''
  ) );
#2197 = PCURVE('',#1098,#2198);
#2198 = DEFINITIONAL_REPRESENTATION('',(#2199),#2203);
#2199 = LINE('',#2200,#2201);
#2200 = CARTESIAN_POINT('',(0.,28.));
#2201 = VECTOR('',#2202,1.);
#2202 = DIRECTION('',(1.,0.));
#2203 = ( GEOMETRIC_REPRESENTATION_CONTEXT(2) 
PARAMETRIC_REPRESENTATION_CONTEXT() REPRESENTATION_CONTEXT('2D SPACE',''
  ) );
#2204 = ORIENTED_EDGE('',*,*,#2205,.F.);
#2205 = EDGE_CURVE('',#2105,#2183,#2206,.T.);
#2206 = SURFACE_CURVE('',#2207,(#2211,#2218),.PCURVE_S1.);
#2207 = LINE('',#2208,#2209);
#2208 = CARTESIAN_POINT('',(81.,19.,0.4));
#2209 = VECTOR('',#2210,1.);
#2210 = DIRECTION('',(0.,1.,0.));
#2211 = PCURVE('',#1122,#2212);
#2212 = DEFINITIONAL_REPRESENTATION('',(#2213),#2217);
#2213 = LINE('',#2214,#2215);
#2214 = CARTESIAN_POINT('',(0.5,0.));
#2215 = VECTOR('',#2216,1.);
#2216 = DIRECTION('',(0.,-1.));
#2217 = ( GEOMETRIC_REPRESENTATION_CONTEXT(2) 
PARAMETRIC_REPRESENTATION_CONTEXT() REPRESENTATION_CONTEXT('2D SPACE',''
  ) );
#2218 = PCURVE('',#2165,#2219);
#2219 = DEFINITIONAL_REPRESENTATION('',(#2220),#2224);
#2220 = LINE('',#2221,#2222);
#2221 = CARTESIAN_POINT('',(28.,0.));
#2222 = VECTOR('',#2223,1.);
#2223 = DIRECTION('',(0.,1.));
#2224 = ( GEOMETRIC_REPRESENTATION_CONTEXT(2) 
PARAMETRIC_REPRESENTATION_CONTEXT() REPRESENTATION_CONTEXT('2D SPACE',''
  ) );
#2225 = ADVANCED_FACE('',(#2226),#1072,.T.);
#2226 = FACE_BOUND('',#2227,.T.);
#2227 = EDGE_LOOP('',(#2228,#2229,#2230,#2253));
#2228 = ORIENTED_EDGE('',*,*,#2128,.F.);
#2229 = ORIENTED_EDGE('',*,*,#1057,.T.);
#2230 = ORIENTED_EDGE('',*,*,#2231,.T.);
#2231 = EDGE_CURVE('',#1058,#2232,#2234,.T.);
#2232 = VERTEX_POINT('',#2233);
#2233 = CARTESIAN_POINT('',(53.,31.,0.4));
#2234 = SURFACE_CURVE('',#2235,(#2239,#2246),.PCURVE_S1.);
#2235 = LINE('',#2236,#2237);
#2236 = CARTESIAN_POINT('',(53.,31.,-0.1));
#2237 = VECTOR('',#2238,1.);
#2238 = DIRECTION('',(0.,0.,1.));
#2239 = PCURVE('',#1072,#2240);
#2240 = DEFINITIONAL_REPRESENTATION('',(#2241),#2245);
#2241 = LINE('',#2242,#2243);
#2242 = CARTESIAN_POINT('',(0.,-12.));
#2243 = VECTOR('',#2244,1.);
#2244 = DIRECTION('',(1.,0.));
#2245 = ( GEOMETRIC_REPRESENTATION_CONTEXT(2) 
PARAMETRIC_REPRESENTATION_CONTEXT() REPRESENTATION_CONTEXT('2D SPACE',''
  ) );
#2246 = PCURVE('',#1098,#2247);
#2247 = DEFINITIONAL_REPRESENTATION('',(#2248),#2252);
#2248 = LINE('',#2249,#2250);
#2249 = CARTESIAN_POINT('',(0.,0.));
#2250 = VECTOR('',#2251,1.);
#2251 = DIRECTION('',(1.,0.));
#2252 = ( GEOMETRIC_REPRESENTATION_CONTEXT(2) 
PARAMETRIC_REPRESENTATION_CONTEXT() REPRESENTATION_CONTEXT('2D SPACE',''
  ) );
#2253 = ORIENTED_EDGE('',*,*,#2254,.F.);
#2254 = EDGE_CURVE('',#2129,#2232,#2255,.T.);
#2255 = SURFACE_CURVE('',#2256,(#2260,#2267),.PCURVE_S1.);
#2256 = LINE('',#2257,#2258);
#2257 = CARTESIAN_POINT('',(53.,19.,0.4));
#2258 = VECTOR('',#2259,1.);
#2259 = DIRECTION('',(0.,1.,0.));
#2260 = PCURVE('',#1072,#2261);
#2261 = DEFINITIONAL_REPRESENTATION('',(#2262),#2266);
#2262 = LINE('',#2263,#2264);
#2263 = CARTESIAN_POINT('',(0.5,0.));
#2264 = VECTOR('',#2265,1.);
#2265 = DIRECTION('',(0.,-1.));
#2266 = ( GEOMETRIC_REPRESENTATION_CONTEXT(2) 
PARAMETRIC_REPRESENTATION_CONTEXT() REPRESENTATION_CONTEXT('2D SPACE',''
  ) );
#2267 = PCURVE('',#2165,#2268);
#2268 = DEFINITIONAL_REPRESENTATION('',(#2269),#2273);
#2269 = LINE('',#2270,#2271);
#2270 = CARTESIAN_POINT('',(0.,0.));
#2271 = VECTOR('',#2272,1.);
#2272 = DIRECTION('',(0.,1.));
#2273 = ( GEOMETRIC_REPRESENTATION_CONTEXT(2) 
PARAMETRIC_REPRESENTATION_CONTEXT() REPRESENTATION_CONTEXT('2D SPACE',''
  ) );
#2274 = ADVANCED_FACE('',(#2275),#1098,.F.);
#2275 = FACE_BOUND('',#2276,.F.);
#2276 = EDGE_LOOP('',(#2277,#2278,#2279,#2280));
#2277 = ORIENTED_EDGE('',*,*,#2182,.F.);
#2278 = ORIENTED_EDGE('',*,*,#1083,.T.);
#2279 = ORIENTED_EDGE('',*,*,#2231,.T.);
#2280 = ORIENTED_EDGE('',*,*,#2281,.T.);
#2281 = EDGE_CURVE('',#2232,#2183,#2282,.T.);
#2282 = SURFACE_CURVE('',#2283,(#2287,#2294),.PCURVE_S1.);
#2283 = LINE('',#2284,#2285);
#2284 = CARTESIAN_POINT('',(53.,31.,0.4));
#2285 = VECTOR('',#2286,1.);
#2286 = DIRECTION('',(1.,0.,0.));
#2287 = PCURVE('',#1098,#2288);
#2288 = DEFINITIONAL_REPRESENTATION('',(#2289),#2293);
#2289 = LINE('',#2290,#2291);
#2290 = CARTESIAN_POINT('',(0.5,0.));
#2291 = VECTOR('',#2292,1.);
#2292 = DIRECTION('',(0.,1.));
#2293 = ( GEOMETRIC_REPRESENTATION_CONTEXT(2) 
PARAMETRIC_REPRESENTATION_CONTEXT() REPRESENTATION_CONTEXT('2D SPACE',''
  ) );
#2294 = PCURVE('',#2165,#2295);
#2295 = DEFINITIONAL_REPRESENTATION('',(#2296),#2300);
#2296 = LINE('',#2297,#2298);
#2297 = CARTESIAN_POINT('',(0.,12.));
#2298 = VECTOR('',#2299,1.);
#2299 = DIRECTION('',(1.,0.));
#2300 = ( GEOMETRIC_REPRESENTATION_CONTEXT(2) 
PARAMETRIC_REPRESENTATION_CONTEXT() REPRESENTATION_CONTEXT('2D SPACE',''
  ) );
#2301 = ADVANCED_FACE('',(#2302),#1217,.T.);
#2302 = FACE_BOUND('',#2303,.T.);
#2303 = EDGE_LOOP('',(#2304));
#2304 = ORIENTED_EDGE('',*,*,#1200,.T.);
#2305 = ADVANCED_FACE('',(#2306),#1299,.T.);
#2306 = FACE_BOUND('',#2307,.T.);
#2307 = EDGE_LOOP('',(#2308));
#2308 = ORIENTED_EDGE('',*,*,#1282,.T.);
#2309 = ADVANCED_FACE('',(#2310),#1354,.T.);
#2310 = FACE_BOUND('',#2311,.T.);
#2311 = EDGE_LOOP('',(#2312));
#2312 = ORIENTED_EDGE('',*,*,#1337,.T.);
#2313 = ADVANCED_FACE('',(#2314),#1436,.T.);
#2314 = FACE_BOUND('',#2315,.T.);
#2315 = EDGE_LOOP('',(#2316));
#2316 = ORIENTED_EDGE('',*,*,#1419,.T.);
#2317 = ADVANCED_FACE('',(#2318),#1562,.F.);
#2318 = FACE_BOUND('',#2319,.F.);
#2319 = EDGE_LOOP('',(#2320,#2321,#2322,#2323));
#2320 = ORIENTED_EDGE('',*,*,#1651,.F.);
#2321 = ORIENTED_EDGE('',*,*,#1548,.T.);
#2322 = ORIENTED_EDGE('',*,*,#1602,.T.);
#2323 = ORIENTED_EDGE('',*,*,#1678,.F.);
#2324 = ADVANCED_FACE('',(#2325),#1763,.F.);
#2325 = FACE_BOUND('',#2326,.F.);
#2326 = EDGE_LOOP('',(#2327,#2328,#2329,#2330));
#2327 = ORIENTED_EDGE('',*,*,#1852,.F.);
#2328 = ORIENTED_EDGE('',*,*,#1749,.T.);
#2329 = ORIENTED_EDGE('',*,*,#1803,.T.);
#2330 = ORIENTED_EDGE('',*,*,#1879,.F.);
#2331 = ADVANCED_FACE('',(#2332),#1964,.F.);
#2332 = FACE_BOUND('',#2333,.F.);
#2333 = EDGE_LOOP('',(#2334,#2335,#2336,#2337));
#2334 = ORIENTED_EDGE('',*,*,#2053,.F.);
#2335 = ORIENTED_EDGE('',*,*,#1950,.T.);
#2336 = ORIENTED_EDGE('',*,*,#2004,.T.);
#2337 = ORIENTED_EDGE('',*,*,#2080,.F.);
#2338 = ADVANCED_FACE('',(#2339),#2165,.F.);
#2339 = FACE_BOUND('',#2340,.F.);
#2340 = EDGE_LOOP('',(#2341,#2342,#2343,#2344));
#2341 = ORIENTED_EDGE('',*,*,#2254,.F.);
#2342 = ORIENTED_EDGE('',*,*,#2151,.T.);
#2343 = ORIENTED_EDGE('',*,*,#2205,.T.);
#2344 = ORIENTED_EDGE('',*,*,#2281,.F.);
#2345 = ( GEOMETRIC_REPRESENTATION_CONTEXT(3) 
GLOBAL_UNCERTAINTY_ASSIGNED_CONTEXT((#2349)) 
GLOBAL_UNIT_ASSIGNED_CONTEXT((#2346,#2347,#2348)) REPRESENTATION_CONTEXT
('Context #1','3D Context with UNIT and UNCERTAINTY') );
#2346 = ( LENGTH_UNIT() NAMED_UNIT(*) SI_UNIT(.MILLI.,.METRE.) );
#2347 = ( NAMED_UNIT(*) PLANE_ANGLE_UNIT() SI_UNIT($,.RADIAN.) );
#2348 = ( NAMED_UNIT(*) SI_UNIT($,.STERADIAN.) SOLID_ANGLE_UNIT() );
#2349 = UNCERTAINTY_MEASURE_WITH_UNIT(LENGTH_MEASURE(1.E-07),#2346,
  'distance_accuracy_value','confusion accuracy');
#2350 = PRODUCT_RELATED_PRODUCT_CATEGORY('part',$,(#7));
ENDSEC;
END-ISO-10303-21;
